"Date","Price","Open","High","Low","Vol.","Change %"
"30/12/2024","3,994.0","3,939.0","3,998.5","3,924.0","615.78K","1.67%"
"28/12/2024","3,928.5","3,853.0","3,930.0","3,849.0","674.21K","2.09%"
"27/12/2024","3,848.0","3,794.0","3,856.0","3,780.5","831.85K","1.66%"
"26/12/2024","3,785.0","3,799.0","3,843.5","3,730.0","1.43M","-0.13%"
"25/12/2024","3,790.0","3,688.0","3,800.0","3,660.5","1.74M","2.36%"
"24/12/2024","3,702.5","3,807.5","3,807.5","3,680.5","1.53M","-2.57%"
"23/12/2024","3,800.0","3,736.5","3,974.0","3,700.0","2.52M","3.16%"
"20/12/2024","3,683.5","3,341.0","3,732.5","3,320.5","3.33M","10.32%"
"19/12/2024","3,339.0","3,265.5","3,359.0","3,245.5","1.49M","2.58%"
"18/12/2024","3,255.0","3,250.0","3,279.5","3,191.0","972.34K","0.20%"
"17/12/2024","3,248.5","3,232.5","3,288.5","3,205.5","822.07K","0.49%"
"16/12/2024","3,232.5","3,303.0","3,322.0","3,211.0","949.42K","-2.66%"
"13/12/2024","3,321.0","3,284.0","3,333.0","3,282.5","510.91K","1.13%"
"12/12/2024","3,284.0","3,398.5","3,414.0","3,283.0","769.35K","-3.33%"
"11/12/2024","3,397.0","3,385.5","3,399.5","3,331.5","787.42K","0.52%"
"10/12/2024","3,379.5","3,478.0","3,483.0","3,375.0","912.04K","-2.50%"
"09/12/2024","3,466.0","3,400.0","3,489.5","3,386.0","1.05M","2.67%"
"06/12/2024","3,376.0","3,381.0","3,417.5","3,330.5","902.95K","-0.07%"
"05/12/2024","3,378.5","3,256.0","3,384.0","3,231.0","1.40M","3.89%"
"04/12/2024","3,252.0","3,371.0","3,405.5","3,218.0","1.24M","-3.79%"
"03/12/2024","3,380.0","3,443.0","3,443.0","3,338.0","984.84K","-1.57%"
"02/12/2024","3,434.0","3,325.0","3,443.5","3,322.5","874.69K","3.43%"
"29/11/2024","3,320.0","3,352.5","3,420.0","3,305.5","981.63K","-1.35%"
"28/11/2024","3,365.5","3,408.0","3,446.0","3,260.0","1.49M","-0.58%"
"27/11/2024","3,385.0","3,224.0","3,419.0","3,092.0","2.66M","5.42%"
"26/11/2024","3,211.0","3,306.0","3,354.5","3,171.0","1.71M","-2.68%"
"25/11/2024","3,299.5","3,415.0","3,415.0","3,294.0","1.16M","-3.38%"
"22/11/2024","3,415.0","3,492.0","3,520.0","3,406.0","864.75K","-2.68%"
"21/11/2024","3,509.0","3,460.0","3,513.0","3,360.0","1.73M","1.42%"
"20/11/2024","3,460.0","3,571.0","3,587.5","3,424.0","1.31M","-2.81%"
"19/11/2024","3,560.0","3,655.0","3,678.0","3,540.5","1.43M","-2.44%"
"18/11/2024","3,649.0","3,651.0","3,708.5","3,607.5","977.06K","-1.70%"
"15/11/2024","3,712.0","3,678.5","3,721.0","3,666.5","745.99K","0.92%"
"14/11/2024","3,678.0","3,689.0","3,730.0","3,650.0","829.32K","-0.41%"
"13/11/2024","3,693.0","3,747.0","3,800.0","3,682.5","1.40M","-1.74%"
"12/11/2024","3,758.5","3,884.0","3,889.0","3,747.0","1.17M","-3.26%"
"11/11/2024","3,885.0","3,912.0","3,944.0","3,868.5","912.79K","-0.08%"
"08/11/2024","3,888.0","3,820.0","3,895.0","3,780.5","958.02K","2.01%"
"07/11/2024","3,811.5","3,677.0","3,817.0","3,619.0","1.06M","3.66%"
"06/11/2024","3,677.0","3,723.5","3,787.5","3,654.5","1.50M","0.85%"
"05/11/2024","3,646.0","3,692.0","3,703.5","3,602.5","658.67K","-1.02%"
"02/11/2024","3,683.5","3,681.5","3,694.0","3,652.5","246.24K","0.26%"
"01/11/2024","3,674.0","3,675.0","3,700.0","3,622.0","797.60K","0.20%"
"31/10/2024","3,666.5","3,685.0","3,734.5","3,621.0","763.63K","-1.17%"
"30/10/2024","3,710.0","3,769.0","3,817.5","3,685.5","730.83K","-1.28%"
"29/10/2024","3,758.0","3,765.0","3,792.0","3,670.0","1.10M","0.40%"
"28/10/2024","3,743.0","3,800.0","3,874.5","3,655.0","1.58M","-2.39%"
"25/10/2024","3,834.5","3,975.0","4,037.0","3,810.5","1.41M","-3.40%"
"24/10/2024","3,969.5","3,883.5","3,975.0","3,879.0","603.03K","2.21%"
"23/10/2024","3,883.5","3,956.0","3,985.5","3,876.5","512.80K","-2.04%"
"22/10/2024","3,964.5","4,039.0","4,039.0","3,954.0","434.14K","-1.65%"
"21/10/2024","4,031.0","3,970.0","4,054.5","3,969.5","524.89K","1.57%"
"18/10/2024","3,968.5","3,981.0","4,007.0","3,941.0","497.74K","-0.38%"
"17/10/2024","3,983.5","4,043.0","4,065.5","3,975.5","457.46K","-1.81%"
"16/10/2024","4,057.0","4,099.5","4,121.5","4,023.0","659.15K","-0.83%"
"15/10/2024","4,091.0","4,066.0","4,128.0","4,059.0","660.26K","0.42%"
"14/10/2024","4,074.0","3,990.0","4,082.5","3,964.0","1.11M","2.49%"
"11/10/2024","3,975.0","3,980.0","4,006.0","3,944.0","578.37K","-0.11%"
"10/10/2024","3,979.5","3,938.0","3,994.0","3,933.0","389.31K","1.17%"
"09/10/2024","3,933.5","3,982.0","3,987.0","3,906.5","436.75K","-1.23%"
"08/10/2024","3,982.5","3,927.0","4,000.0","3,900.5","729.55K","1.37%"
"07/10/2024","3,928.5","3,950.0","3,961.0","3,910.0","386.50K","-0.43%"
"04/10/2024","3,945.5","3,978.0","4,003.0","3,931.0","594.34K","-0.59%"
"03/10/2024","3,969.0","3,915.0","3,974.0","3,862.5","926.24K","1.57%"
"02/10/2024","3,907.5","3,966.0","4,009.0","3,901.0","692.60K","-1.40%"
"01/10/2024","3,963.0","4,005.0","4,023.5","3,931.0","747.53K","-1.11%"
"30/09/2024","4,007.5","4,045.0","4,089.0","3,985.5","712.98K","-0.41%"
"27/09/2024","4,024.0","4,025.0","4,068.0","4,002.5","604.75K","0.56%"
"26/09/2024","4,001.5","4,015.0","4,059.0","3,963.5","1.12M","-0.84%"
"25/09/2024","4,035.5","4,170.0","4,170.0","4,002.0","1.37M","-2.99%"
"24/09/2024","4,160.0","4,209.5","4,240.0","4,128.0","910.74K","-1.01%"
"23/09/2024","4,202.5","4,100.0","4,249.0","4,070.0","1.88M","2.50%"
"20/09/2024","4,100.0","4,075.0","4,135.0","4,065.0","1.22M","-0.91%"
"19/09/2024","4,137.5","4,050.0","4,150.0","4,026.0","1.41M","2.64%"
"18/09/2024","4,031.0","4,115.0","4,130.0","4,020.0","1.03M","-1.83%"
"17/09/2024","4,106.0","4,128.5","4,175.5","4,052.5","1.99M","-0.32%"
"16/09/2024","4,119.0","3,933.0","4,135.0","3,921.0","3.00M","5.22%"
"13/09/2024","3,914.5","3,820.0","3,920.0","3,762.5","1.70M","2.25%"
"12/09/2024","3,828.5","3,792.0","3,829.5","3,736.0","1.16M","1.23%"
"11/09/2024","3,782.0","3,822.0","3,878.0","3,777.0","1.32M","-1.12%"
"10/09/2024","3,825.0","3,905.0","3,905.5","3,771.0","1.12M","-1.51%"
"09/09/2024","3,883.5","3,740.0","3,888.0","3,738.5","1.42M","4.54%"
"06/09/2024","3,715.0","3,681.5","3,745.5","3,641.0","677.79K","0.96%"
"05/09/2024","3,679.5","3,761.0","3,769.5","3,669.0","962.19K","-1.54%"
"04/09/2024","3,737.0","3,655.0","3,744.0","3,628.0","1.03M","2.33%"
"03/09/2024","3,652.0","3,635.0","3,707.0","3,568.0","1.94M","0.87%"
"02/09/2024","3,620.5","3,730.5","3,762.0","3,583.5","2.47M","-3.85%"
"30/08/2024","3,765.5","3,954.0","3,972.5","3,731.0","1.67M","-4.09%"
"29/08/2024","3,926.0","3,902.0","3,944.5","3,840.0","1.11M","0.86%"
"28/08/2024","3,892.5","3,844.0","3,920.0","3,819.0","1.27M","1.26%"
"27/08/2024","3,844.0","3,910.5","3,942.5","3,828.5","910.37K","-1.78%"
"26/08/2024","3,913.5","3,880.0","3,945.0","3,851.0","1.75M","2.80%"
"23/08/2024","3,807.0","3,794.0","3,836.5","3,730.0","1.39M","0.34%"
"22/08/2024","3,794.0","3,836.5","3,884.0","3,760.5","1.51M","-1.11%"
"21/08/2024","3,836.5","3,755.0","3,853.0","3,712.5","1.34M","2.22%"
"20/08/2024","3,753.0","3,742.0","3,787.5","3,683.5","1.23M","0.74%"
"19/08/2024","3,725.5","3,799.0","3,825.0","3,680.5","1.91M","-1.35%"
"16/08/2024","3,776.5","3,828.5","3,856.0","3,756.0","1.08M","-1.35%"
"15/08/2024","3,828.0","3,832.0","3,860.0","3,783.0","1.13M","-0.09%"
"14/08/2024","3,831.5","3,915.0","3,929.0","3,825.0","996.72K","-2.03%"
"13/08/2024","3,911.0","3,938.0","3,964.0","3,903.5","1.12M","-0.31%"
"12/08/2024","3,923.0","3,829.0","3,923.0","3,805.5","1.66M","1.78%"
"09/08/2024","3,854.5","3,826.0","3,870.5","3,792.5","1.12M","0.69%"
"08/08/2024","3,828.0","3,860.0","3,929.5","3,790.5","3.52M","-0.67%"
"07/08/2024","3,854.0","3,661.5","3,876.0","3,605.0","4.36M","5.76%"
"06/08/2024","3,644.0","3,643.0","3,700.0","3,564.0","2.34M","1.65%"
"05/08/2024","3,585.0","3,605.5","3,657.0","3,551.0","3.84M","-3.85%"
"02/08/2024","3,728.5","3,871.5","3,874.0","3,726.0","2.61M","-3.69%"
"01/08/2024","3,871.5","3,895.0","3,921.0","3,861.0","1.23M","-0.53%"
"31/07/2024","3,892.0","3,915.5","3,954.5","3,865.5","2.01M","-0.46%"
"30/07/2024","3,910.0","3,917.0","3,949.0","3,809.0","4.07M","1.11%"
"29/07/2024","3,867.0","3,935.0","3,935.0","3,783.0","4.73M","-2.41%"
"26/07/2024","3,962.5","4,137.5","4,176.5","3,931.0","4.19M","-4.23%"
"25/07/2024","4,137.5","4,153.5","4,186.0","4,070.0","1.91M","-0.27%"
"24/07/2024","4,148.5","4,542.0","4,542.0","4,100.0","5.30M","1.90%"
"26/06/2024","4,071.2","4,048.0","4,071.2","4,071.2","","0.00%"
"14/06/2024","4,071.2","4,048.0","4,127.2","4,030.0","330.62K","0.57%"
"13/06/2024","4,048.0","3,980.0","4,160.0","3,901.0","362.75K","-1.32%"
"11/06/2024","4,102.0","4,100.6","4,140.6","4,092.2","233.82K","-0.57%"
"10/06/2024","4,125.6","4,222.0","4,248.0","4,083.0","297.38K","-2.28%"
"07/06/2024","4,222.0","4,229.0","4,282.8","4,214.0","329.14K","0.42%"
"06/06/2024","4,204.2","4,180.8","4,238.0","4,151.4","261.28K","1.08%"
"05/06/2024","4,159.2","4,180.4","4,250.0","4,130.0","435.99K","-0.45%"
"04/06/2024","4,177.8","4,045.2","4,215.6","4,006.2","357.73K","3.30%"
"03/06/2024","4,044.4","4,036.0","4,070.0","3,890.0","393.76K","1.19%"
"31/05/2024","3,996.8","4,033.0","4,078.6","3,940.2","471.74K","-0.89%"
"30/05/2024","4,032.8","4,050.0","4,159.0","4,021.4","344.73K","-0.45%"
"29/05/2024","4,051.0","4,038.4","4,094.6","4,002.8","237.95K","0.31%"
"28/05/2024","4,038.4","4,084.0","4,186.0","4,012.6","407.52K","-1.12%"
"27/05/2024","4,084.0","4,184.4","4,245.0","4,070.0","758.78K","-2.51%"
"24/05/2024","4,189.2","4,205.0","4,273.6","4,146.4","554.36K","-0.41%"
"23/05/2024","4,206.4","4,233.8","4,285.0","4,180.0","463.12K","-0.65%"
"22/05/2024","4,234.0","4,087.2","4,297.4","4,068.0","852.83K","3.11%"
"21/05/2024","4,106.4","4,181.2","4,274.6","4,100.2","1.01M","-2.14%"
"20/05/2024","4,196.0","4,259.6","4,295.0","4,150.6","1.22M","-1.76%"
"17/05/2024","4,271.0","4,350.0","4,373.2","4,257.0","842.30K","-2.07%"
"16/05/2024","4,361.2","4,344.8","4,409.4","4,237.8","1.17M","0.14%"
"15/05/2024","4,355.2","4,491.0","4,504.8","4,335.8","1.24M","-3.00%"
"14/05/2024","4,489.8","4,407.0","4,515.0","4,402.4","1.54M","1.88%"
"13/05/2024","4,407.0","4,363.6","4,586.2","4,180.0","4.62M","1.17%"
"10/05/2024","4,356.2","4,319.4","4,360.0","4,303.8","180.75K","1.07%"
"08/05/2024","4,310.0","4,360.0","4,388.6","4,275.0","632.38K","-1.06%"
"07/05/2024","4,356.0","4,274.0","4,368.8","4,246.8","647.77K","1.92%"
"06/05/2024","4,274.0","4,250.0","4,313.2","4,238.6","536.76K","0.89%"
"03/05/2024","4,236.4","4,182.0","4,246.4","4,125.6","401.74K","1.42%"
"02/05/2024","4,177.0","4,149.6","4,195.0","4,115.0","384.28K","0.66%"
"30/04/2024","4,149.6","4,174.0","4,174.0","4,131.0","103.77K","-0.57%"
"29/04/2024","4,173.4","4,160.2","4,180.0","4,113.6","305.27K","0.32%"
"27/04/2024","4,160.2","4,231.6","4,260.4","4,120.4","845.56K","-1.69%"
"26/04/2024","4,231.6","4,165.0","4,251.0","4,101.2","1.02M","1.61%"
"25/04/2024","4,164.6","4,100.6","4,184.6","4,020.2","1.44M","1.28%"
"24/04/2024","4,111.8","4,164.0","4,184.6","4,087.4","904.37K","-1.45%"
"23/04/2024","4,172.2","4,290.2","4,299.0","4,152.6","816.66K","-2.75%"
"22/04/2024","4,290.2","4,265.0","4,345.8","4,070.4","2.29M","0.78%"
"19/04/2024","4,257.2","4,195.0","4,269.0","4,160.0","785.95K","1.53%"
"18/04/2024","4,193.0","4,200.0","4,221.6","4,143.4","720.87K","-0.16%"
"17/04/2024","4,199.8","4,055.0","4,200.0","4,052.8","1.60M","3.71%"
"16/04/2024","4,049.6","4,050.0","4,076.8","4,015.0","386.49K","0.09%"
"15/04/2024","4,046.0","3,988.0","4,075.8","3,973.2","1.09M","1.40%"
"12/04/2024","3,990.0","3,944.4","3,999.8","3,944.4","412.04K","1.12%"
"11/04/2024","3,946.0","3,990.0","3,994.6","3,935.0","379.28K","-0.85%"
"10/04/2024","3,980.0","3,954.0","4,007.8","3,935.0","536.92K","0.64%"
"09/04/2024","3,954.6","3,958.0","3,964.8","3,926.4","577.01K","-0.11%"
"08/04/2024","3,959.0","4,010.8","4,010.8","3,878.8","1.45M","-0.90%"
"05/04/2024","3,995.0","3,963.0","4,006.2","3,950.0","548.93K","0.88%"
"04/04/2024","3,960.0","3,931.0","3,985.0","3,918.0","718.89K","1.02%"
"03/04/2024","3,920.2","3,882.8","3,935.0","3,820.8","965.49K","1.35%"
"02/04/2024","3,868.0","3,980.0","3,991.0","3,737.0","4.57M","-2.69%"
"01/04/2024","3,975.0","4,020.0","4,039.8","3,941.2","1.22M","-0.48%"
"29/03/2024","3,994.0","4,015.0","4,015.0","3,976.6","648.80K","-0.24%"
"28/03/2024","4,003.8","4,015.0","4,049.0","3,984.2","646.21K","-0.08%"
"27/03/2024","4,007.2","4,024.6","4,033.2","3,986.6","729.55K","-0.29%"
"26/03/2024","4,018.8","4,039.0","4,079.0","3,985.0","1.53M","-0.14%"
"25/03/2024","4,024.6","3,850.0","4,025.0","3,849.0","1.94M","4.97%"
"22/03/2024","3,834.0","3,885.0","3,944.0","3,800.0","2.44M","-1.24%"
"21/03/2024","3,882.0","3,952.0","4,004.8","3,842.6","3.39M","-1.67%"
"20/03/2024","3,948.0","3,817.8","3,970.0","3,817.8","3.67M","3.98%"
"19/03/2024","3,797.0","3,687.0","3,857.8","3,685.2","4.11M","3.01%"
"18/03/2024","3,686.2","3,620.0","3,708.8","3,595.0","1.64M","1.39%"
"15/03/2024","3,635.6","3,602.2","3,667.8","3,571.4","1.78M","1.02%"
"14/03/2024","3,598.8","3,589.0","3,631.8","3,550.0","1.55M","0.28%"
"13/03/2024","3,588.6","3,499.8","3,610.0","3,488.0","1.75M","2.54%"
"12/03/2024","3,499.6","3,550.0","3,550.0","3,487.6","948.63K","-1.26%"
"11/03/2024","3,544.4","3,634.4","3,650.0","3,507.4","2.83M","-2.19%"
"07/03/2024","3,623.8","3,567.0","3,670.0","3,546.0","1.31M","1.29%"
"06/03/2024","3,577.8","3,626.8","3,626.8","3,562.8","1.38M","-1.36%"
"05/03/2024","3,627.0","3,710.0","3,710.0","3,600.2","2.50M","-1.99%"
"04/03/2024","3,700.6","3,580.0","3,718.0","3,565.2","4.33M","4.55%"
"01/03/2024","3,539.4","3,386.0","3,542.0","3,380.2","2.84M","4.62%"
"29/02/2024","3,383.0","3,384.0","3,400.0","3,350.0","630.60K","0.21%"
"28/02/2024","3,375.8","3,365.8","3,396.0","3,337.0","960.59K","0.30%"
"27/02/2024","3,365.8","3,415.0","3,417.0","3,340.0","1.09M","-1.15%"
"26/02/2024","3,404.8","3,345.0","3,411.2","3,294.0","1.77M","5.03%"
"22/02/2024","3,241.8","3,255.0","3,285.0","3,204.0","1.40M","-0.14%"
"21/02/2024","3,246.2","3,314.6","3,342.0","3,173.8","3.11M","-2.06%"
"20/02/2024","3,314.6","3,311.0","3,392.8","3,273.8","2.71M","0.13%"
"19/02/2024","3,310.4","3,424.8","3,444.0","3,282.6","1.95M","-3.12%"
"16/02/2024","3,417.0","3,445.0","3,464.0","3,362.0","2.46M","-0.79%"
"15/02/2024","3,444.2","3,440.6","3,497.4","3,393.2","2.91M","0.14%"
"14/02/2024","3,439.4","3,483.0","3,543.8","3,392.2","3.43M","-1.08%"
"13/02/2024","3,477.0","3,320.0","3,497.4","3,292.4","4.11M","5.22%"
"12/02/2024","3,304.6","3,296.0","3,317.0","3,226.0","1.66M","0.43%"
"09/02/2024","3,290.4","3,321.2","3,340.0","3,204.0","2.73M","-0.48%"
"08/02/2024","3,306.2","3,339.0","3,432.0","3,242.8","9.58M","-0.57%"
"07/02/2024","3,325.0","3,118.2","3,363.6","3,110.4","7.86M","6.96%"
"06/02/2024","3,108.6","3,044.0","3,137.0","3,019.2","3.49M","2.02%"
"05/02/2024","3,047.0","2,900.0","3,086.6","2,870.0","11.21M","-3.67%"
"02/02/2024","3,163.0","3,118.8","3,169.6","3,059.8","3.02M","1.77%"
"01/02/2024","3,108.0","3,025.0","3,130.0","3,002.2","2.74M","2.71%"
"31/01/2024","3,026.0","3,100.0","3,117.8","3,019.4","2.39M","-1.69%"
"30/01/2024","3,078.0","2,999.0","3,138.8","2,966.0","6.30M","2.77%"
"29/01/2024","2,995.0","2,900.0","2,996.6","2,896.4","3.23M","4.25%"
"26/01/2024","2,873.0","2,789.4","2,895.0","2,778.8","4.14M","3.38%"
"25/01/2024","2,779.0","2,650.0","2,798.0","2,633.6","2.80M","5.03%"
"24/01/2024","2,645.8","2,636.0","2,658.8","2,615.0","817.02K","0.39%"
"23/01/2024","2,635.4","2,661.0","2,690.0","2,612.2","1.66M","1.32%"
"22/01/2024","2,601.0","2,573.0","2,615.4","2,551.0","558.60K","1.21%"
"19/01/2024","2,569.8","2,607.0","2,607.0","2,550.0","806.52K","-1.00%"
"18/01/2024","2,595.8","2,654.4","2,660.0","2,590.8","828.43K","-2.13%"
"17/01/2024","2,652.4","2,639.6","2,674.8","2,635.2","494.22K","0.20%"
"16/01/2024","2,647.2","2,699.0","2,699.0","2,630.6","956.55K","-1.60%"
"15/01/2024","2,690.2","2,645.0","2,695.0","2,642.2","1.01M","2.25%"
"12/01/2024","2,631.0","2,610.0","2,644.0","2,606.0","746.86K","1.00%"
"11/01/2024","2,605.0","2,587.0","2,614.6","2,583.6","551.08K","0.72%"
"10/01/2024","2,586.4","2,607.0","2,615.2","2,573.4","526.90K","-0.79%"
"09/01/2024","2,607.0","2,629.8","2,629.8","2,584.0","628.30K","-0.15%"
"08/01/2024","2,611.0","2,584.0","2,618.8","2,579.2","673.21K","1.33%"
"05/01/2024","2,576.8","2,568.4","2,586.6","2,566.2","264.68K","0.34%"
"04/01/2024","2,568.0","2,570.4","2,580.4","2,554.4","397.78K","-0.50%"
"03/01/2024","2,581.0","2,560.0","2,593.0","2,542.0","427.50K","1.61%"
"29/12/2023","2,540.0","2,535.0","2,566.0","2,505.6","860.51K","0.35%"
"28/12/2023","2,531.2","2,594.2","2,610.0","2,520.0","2.11M","-0.74%"
"27/12/2023","2,550.0","2,428.0","2,574.6","2,428.0","2.79M","5.04%"
"26/12/2023","2,427.6","2,399.8","2,439.8","2,361.0","1.54M","1.29%"
"25/12/2023","2,396.6","2,300.0","2,455.8","2,297.0","4.17M","4.39%"
"22/12/2023","2,295.8","2,267.2","2,303.8","2,266.2","802.70K","1.26%"
"21/12/2023","2,267.2","2,279.0","2,286.8","2,245.2","944.84K","-0.94%"
"20/12/2023","2,288.8","2,247.0","2,318.8","2,242.6","2.25M","2.08%"
"19/12/2023","2,242.2","2,250.2","2,274.0","2,231.8","899.86K","-0.36%"
"18/12/2023","2,250.4","2,228.8","2,271.0","2,217.4","1.39M","1.17%"
"15/12/2023","2,224.4","2,162.0","2,244.0","2,116.2","2.09M","3.10%"
"14/12/2023","2,157.6","2,276.0","2,276.0","2,140.0","1.56M","-4.82%"
"13/12/2023","2,266.8","2,243.0","2,288.0","2,230.2","1.09M","0.43%"
"12/12/2023","2,257.0","2,218.0","2,284.4","2,201.0","1.88M","2.24%"
"11/12/2023","2,207.6","2,339.0","2,343.8","2,191.4","2.09M","-5.56%"
"08/12/2023","2,337.6","2,365.0","2,385.0","2,335.2","696.95K","-0.52%"
"07/12/2023","2,349.8","2,327.0","2,367.6","2,296.2","1.01M","1.26%"
"06/12/2023","2,320.6","2,420.2","2,428.8","2,301.0","1.30M","-4.05%"
"05/12/2023","2,418.6","2,419.8","2,433.0","2,385.0","646.26K","0.87%"
"04/12/2023","2,397.8","2,420.0","2,436.8","2,365.6","1.24M","-0.94%"
"01/12/2023","2,420.6","2,525.0","2,548.0","2,410.0","1.68M","-4.07%"
"30/11/2023","2,523.4","2,575.0","2,603.8","2,501.0","1.10M","-1.97%"
"29/11/2023","2,574.0","2,602.0","2,628.8","2,563.6","903.23K","-1.10%"
"28/11/2023","2,602.6","2,599.4","2,628.0","2,591.0","809.72K","0.36%"
"27/11/2023","2,593.2","2,593.4","2,659.4","2,587.0","1.90M","-0.05%"
"24/11/2023","2,594.6","2,569.8","2,616.4","2,560.0","1.01M","1.38%"
"23/11/2023","2,559.2","2,583.0","2,598.0","2,540.0","585.44K","-0.55%"
"22/11/2023","2,573.4","2,578.6","2,599.0","2,568.0","486.33K","0.03%"
"21/11/2023","2,572.6","2,570.0","2,587.8","2,563.0","341.51K","-0.03%"
"20/11/2023","2,573.4","2,572.4","2,589.2","2,557.0","573.76K","0.05%"
"17/11/2023","2,572.0","2,569.0","2,593.6","2,546.0","478.47K","0.12%"
"16/11/2023","2,569.0","2,620.0","2,631.2","2,564.6","1.16M","-1.95%"
"15/11/2023","2,620.0","2,590.0","2,651.8","2,590.0","883.28K","0.77%"
"14/11/2023","2,600.0","2,571.0","2,677.8","2,531.6","2.31M","0.88%"
"13/11/2023","2,577.2","2,598.0","2,599.8","2,568.6","471.74K","-0.83%"
"10/11/2023","2,598.8","2,619.0","2,620.0","2,587.8","346.45K","-0.49%"
"09/11/2023","2,611.6","2,619.0","2,623.4","2,582.6","584.29K","-0.12%"
"08/11/2023","2,614.8","2,639.0","2,661.8","2,605.0","596.37K","-0.70%"
"07/11/2023","2,633.2","2,638.0","2,645.0","2,616.6","307.71K","-0.18%"
"06/11/2023","2,638.0","2,612.8","2,653.2","2,606.2","300.34K","0.96%"
"03/11/2023","2,613.0","2,633.6","2,638.2","2,594.2","543.03K","-0.48%"
"02/11/2023","2,625.6","2,649.8","2,665.0","2,603.0","643.11K","-0.54%"
"01/11/2023","2,639.8","2,611.8","2,672.2","2,600.0","818.56K","1.06%"
"31/10/2023","2,612.0","2,595.0","2,640.0","2,557.0","1.05M","0.32%"
"30/10/2023","2,603.6","2,666.8","2,677.0","2,600.2","818.17K","-2.36%"
"27/10/2023","2,666.6","2,684.8","2,736.0","2,620.0","2.31M","-0.59%"
"26/10/2023","2,682.4","2,760.0","2,772.4","2,675.0","1.76M","-1.99%"
"25/10/2023","2,737.0","2,727.0","2,750.0","2,700.0","1.01M","0.43%"
"24/10/2023","2,725.2","2,670.0","2,730.0","2,632.4","1.23M","1.79%"
"23/10/2023","2,677.2","2,690.0","2,717.4","2,656.8","979.39K","-0.08%"
"20/10/2023","2,679.4","2,668.8","2,700.0","2,611.0","1.96M","0.71%"
"19/10/2023","2,660.6","2,520.8","2,675.4","2,517.0","3.28M","5.28%"
"18/10/2023","2,527.2","2,522.2","2,539.0","2,511.8","542.56K","-0.01%"
"17/10/2023","2,527.4","2,527.0","2,540.6","2,509.6","536.97K","-0.10%"
"16/10/2023","2,530.0","2,528.8","2,552.0","2,520.8","676.54K","0.69%"
"13/10/2023","2,512.6","2,470.0","2,534.0","2,466.0","1.24M","1.93%"
"12/10/2023","2,465.0","2,435.0","2,472.0","2,421.0","522.58K","0.86%"
"11/10/2023","2,444.0","2,490.8","2,500.0","2,420.0","646.51K","-1.66%"
"10/10/2023","2,485.2","2,478.0","2,507.8","2,454.2","831.59K","0.31%"
"09/10/2023","2,477.4","2,482.4","2,498.8","2,470.0","511.22K","-0.19%"
"06/10/2023","2,482.2","2,492.8","2,516.8","2,468.0","1.53M","0.09%"
"05/10/2023","2,480.0","2,390.0","2,483.6","2,360.2","2.26M","4.22%"
"04/10/2023","2,379.6","2,384.0","2,410.0","2,373.2","718.75K","-0.30%"
"03/10/2023","2,386.8","2,390.0","2,414.4","2,367.2","658.79K","-0.38%"
"02/10/2023","2,395.8","2,415.0","2,434.0","2,377.6","763.36K","-0.27%"
"29/09/2023","2,402.2","2,448.8","2,449.4","2,392.0","898.92K","-1.52%"
"28/09/2023","2,439.4","2,457.0","2,475.2","2,422.8","835.80K","-0.59%"
"27/09/2023","2,453.8","2,405.0","2,466.0","2,390.4","997.25K","2.63%"
"26/09/2023","2,391.0","2,390.8","2,411.8","2,352.8","707.58K","0.00%"
"25/09/2023","2,391.0","2,428.4","2,428.4","2,369.6","543.85K","-0.80%"
"22/09/2023","2,410.2","2,355.2","2,435.0","2,323.2","986.09K","2.33%"
"21/09/2023","2,355.4","2,401.4","2,419.0","2,350.8","1.15M","-2.59%"
"20/09/2023","2,418.0","2,456.8","2,460.0","2,358.0","1.50M","-0.99%"
"19/09/2023","2,442.2","2,527.0","2,527.0","2,422.2","1.28M","-3.01%"
"18/09/2023","2,518.0","2,594.0","2,620.0","2,508.8","820.16K","-1.95%"
"15/09/2023","2,568.0","2,499.0","2,588.0","2,485.0","630.96K","2.36%"
"14/09/2023","2,508.8","2,551.4","2,561.2","2,450.2","1.13M","-1.65%"
"13/09/2023","2,550.8","2,580.2","2,633.0","2,535.6","1.04M","-1.10%"
"12/09/2023","2,579.2","2,497.0","2,598.0","2,497.0","1.05M","3.63%"
"11/09/2023","2,488.8","2,567.0","2,584.8","2,470.0","1.19M","-2.31%"
"08/09/2023","2,547.6","2,585.6","2,609.0","2,526.2","864.92K","-1.47%"
"07/09/2023","2,585.6","2,664.8","2,673.4","2,555.2","1.56M","-2.96%"
"06/09/2023","2,664.6","2,730.0","2,733.0","2,653.0","950.62K","-2.27%"
"05/09/2023","2,726.6","2,744.8","2,754.8","2,711.2","588.47K","-0.63%"
"04/09/2023","2,744.0","2,690.0","2,756.0","2,688.8","1.17M","2.00%"
"01/09/2023","2,690.2","2,690.0","2,700.0","2,670.0","418.29K","0.04%"
"31/08/2023","2,689.0","2,668.0","2,694.0","2,641.8","599.95K","0.78%"
"30/08/2023","2,668.2","2,689.2","2,708.0","2,654.6","572.95K","-1.13%"
"29/08/2023","2,698.8","2,666.6","2,710.0","2,666.0","803.01K","1.08%"
"28/08/2023","2,670.0","2,655.0","2,685.0","2,652.0","563.68K","0.81%"
"25/08/2023","2,648.6","2,649.4","2,669.8","2,630.4","416.41K","0.01%"
"24/08/2023","2,648.4","2,630.0","2,660.4","2,619.6","468.08K","1.71%"
"23/08/2023","2,604.0","2,714.0","2,720.0","2,589.6","1.28M","-3.94%"
"22/08/2023","2,710.8","2,676.8","2,718.4","2,650.0","1.03M","1.82%"
"21/08/2023","2,662.4","2,612.0","2,674.4","2,582.0","964.27K","2.31%"
"18/08/2023","2,602.2","2,581.6","2,609.0","2,537.8","819.58K","0.80%"
"17/08/2023","2,581.6","2,597.6","2,623.0","2,528.0","1.11M","0.43%"
"16/08/2023","2,570.6","2,630.0","2,645.0","2,450.2","1.59M","-1.73%"
"15/08/2023","2,615.8","2,599.2","2,695.6","2,540.0","1.11M","0.22%"
"14/08/2023","2,610.0","2,712.4","2,732.0","2,605.0","1.38M","-3.48%"
"11/08/2023","2,704.2","2,718.6","2,729.0","2,685.2","628.95K","-0.51%"
"10/08/2023","2,718.0","2,730.0","2,765.0","2,661.8","2.10M","-0.19%"
"09/08/2023","2,723.2","2,732.2","2,748.0","2,694.4","666.38K","-0.20%"
"08/08/2023","2,728.6","2,700.0","2,730.0","2,627.2","1.05M","0.72%"
"07/08/2023","2,709.0","2,750.0","2,795.6","2,662.4","1.19M","-0.81%"
"04/08/2023","2,731.0","2,785.4","2,872.0","2,657.4","3.36M","-1.76%"
"03/08/2023","2,780.0","2,709.4","2,785.0","2,695.0","1.25M","2.61%"
"02/08/2023","2,709.4","2,670.0","2,727.0","2,666.2","1.65M","1.48%"
"01/08/2023","2,670.0","2,635.0","2,717.2","2,612.8","1.68M","1.33%"
"31/07/2023","2,635.0","2,641.8","2,652.8","2,605.0","1.02M","-0.04%"
"28/07/2023","2,636.0","2,630.0","2,642.0","2,613.0","771.51K","0.23%"
"27/07/2023","2,630.0","2,665.6","2,685.0","2,616.0","1.78M","-0.95%"
"26/07/2023","2,655.2","2,642.4","2,666.4","2,611.6","1.11M","0.48%"
"25/07/2023","2,642.6","2,640.0","2,662.0","2,611.2","1.33M","0.48%"
"24/07/2023","2,630.0","2,542.8","2,633.8","2,537.0","1.38M","3.87%"
"21/07/2023","2,532.0","2,492.4","2,537.6","2,492.4","672.09K","1.60%"
"20/07/2023","2,492.2","2,571.6","2,578.6","2,481.0","1.18M","-3.09%"
"19/07/2023","2,571.6","2,590.0","2,609.0","2,550.8","951.27K","-0.71%"
"18/07/2023","2,590.0","2,538.4","2,600.0","2,536.0","1.11M","2.03%"
"17/07/2023","2,538.4","2,515.0","2,580.6","2,491.0","1.40M","-0.65%"
"14/07/2023","2,555.0","2,464.6","2,557.6","2,450.0","1.75M","3.67%"
"13/07/2023","2,464.6","2,457.0","2,479.0","2,425.6","673.64K","0.80%"
"12/07/2023","2,445.0","2,471.0","2,477.6","2,420.4","643.43K","-0.69%"
"11/07/2023","2,462.0","2,409.0","2,463.2","2,404.2","777.46K","2.26%"
"10/07/2023","2,407.6","2,371.0","2,408.0","2,355.0","763.29K","1.78%"
"07/07/2023","2,365.6","2,390.0","2,390.0","2,337.0","713.31K","-1.03%"
"06/07/2023","2,390.2","2,406.0","2,427.8","2,370.0","493.09K","-0.56%"
"05/07/2023","2,403.6","2,382.0","2,421.0","2,370.0","479.32K","1.59%"
"04/07/2023","2,366.0","2,407.2","2,416.0","2,296.0","788.58K","-1.53%"
"03/07/2023","2,402.8","2,456.4","2,457.0","2,381.0","683.15K","-1.51%"
"30/06/2023","2,439.6","2,473.0","2,487.4","2,420.6","395.91K","-1.17%"
"29/06/2023","2,468.6","2,479.0","2,497.0","2,458.2","498.11K","0.27%"
"28/06/2023","2,462.0","2,438.4","2,472.0","2,420.2","879.77K","1.26%"
"27/06/2023","2,431.4","2,398.0","2,443.8","2,351.8","961.89K","2.20%"
"26/06/2023","2,379.0","2,415.0","2,448.0","2,294.0","1.93M","-0.60%"
"23/06/2023","2,393.4","2,482.4","2,487.6","2,372.0","1.87M","-3.98%"
"22/06/2023","2,492.6","2,529.2","2,537.2","2,474.0","463.16K","-1.46%"
"21/06/2023","2,529.6","2,517.4","2,542.0","2,490.8","508.84K","0.76%"
"20/06/2023","2,510.6","2,504.0","2,560.0","2,461.0","834.07K","0.01%"
"19/06/2023","2,510.4","2,546.8","2,555.6","2,475.0","1.03M","-1.44%"
"16/06/2023","2,547.0","2,607.8","2,615.0","2,500.8","2.37M","-2.04%"
"15/06/2023","2,600.0","2,640.8","2,649.0","2,557.0","1.33M","-0.76%"
"14/06/2023","2,620.0","2,570.0","2,655.0","2,550.4","1.54M","2.07%"
"13/06/2023","2,566.8","2,506.6","2,568.0","2,470.0","947.74K","2.40%"
"09/06/2023","2,506.6","2,532.6","2,557.0","2,481.0","1.36M","-0.53%"
"08/06/2023","2,520.0","2,427.0","2,523.0","2,426.0","2.59M","3.90%"
"07/06/2023","2,425.4","2,323.2","2,430.0","2,310.6","1.49M","4.40%"
"06/06/2023","2,323.2","2,290.0","2,334.6","2,260.2","685.50K","0.75%"
"05/06/2023","2,305.8","2,340.0","2,383.2","2,282.0","929.86K","-1.61%"
"02/06/2023","2,343.6","2,324.8","2,348.0","2,292.2","557.31K","1.31%"
"01/06/2023","2,313.4","2,328.2","2,356.0","2,294.8","659.18K","-0.46%"
"31/05/2023","2,324.2","2,299.6","2,353.0","2,244.2","1.04M","0.89%"
"30/05/2023","2,303.6","2,315.0","2,385.0","2,263.0","1.70M","-3.62%"
"29/05/2023","2,390.0","2,335.0","2,410.0","2,295.6","1.49M","2.93%"
"26/05/2023","2,322.0","2,356.0","2,357.6","2,294.2","1.09M","-1.19%"
"25/05/2023","2,350.0","2,222.0","2,350.0","2,165.6","3.41M","5.86%"
"24/05/2023","2,220.0","2,244.0","2,256.4","2,172.2","1.04M","-1.02%"
"23/05/2023","2,242.8","2,318.0","2,330.0","2,212.2","1.43M","-2.49%"
"22/05/2023","2,300.0","2,300.0","2,371.4","2,235.0","3.77M","3.45%"
"19/05/2023","2,223.2","2,033.0","2,285.4","2,020.0","6.56M","9.37%"
"18/05/2023","2,032.8","2,064.0","2,072.8","2,026.0","443.68K","-1.22%"
"17/05/2023","2,058.0","2,047.4","2,077.8","2,028.0","453.02K","0.61%"
"16/05/2023","2,045.6","2,056.6","2,063.6","2,022.0","370.19K","-0.20%"
"15/05/2023","2,049.6","2,020.0","2,050.0","2,013.2","414.17K","1.87%"
"12/05/2023","2,012.0","2,000.0","2,017.0","1,991.0","355.08K","0.24%"
"11/05/2023","2,007.2","2,030.0","2,052.0","1,961.0","1.24M","-0.08%"
"10/05/2023","2,008.8","1,956.0","2,012.0","1,945.8","657.35K","3.39%"
"08/05/2023","1,943.0","1,949.0","1,969.0","1,930.4","166.17K","-0.26%"
"05/05/2023","1,948.0","1,979.4","1,988.2","1,946.2","426.61K","-1.60%"
"04/05/2023","1,979.6","1,935.0","1,992.4","1,930.2","712.32K","2.55%"
"03/05/2023","1,930.4","2,028.6","2,028.6","1,922.2","1.08M","-4.20%"
"02/05/2023","2,015.0","2,075.0","2,099.0","1,980.0","1.01M","-2.69%"
"28/04/2023","2,070.6","2,102.0","2,108.0","2,050.2","626.66K","-1.48%"
"27/04/2023","2,101.6","2,123.2","2,159.0","2,082.0","1.69M","-0.54%"
"26/04/2023","2,113.0","2,063.0","2,125.0","2,059.6","1.09M","2.60%"
"25/04/2023","2,059.4","2,087.4","2,088.2","2,044.0","408.51K","-0.99%"
"24/04/2023","2,080.0","2,087.0","2,108.2","2,065.8","506.60K","-0.33%"
"21/04/2023","2,086.8","2,106.6","2,128.6","2,062.0","1.23M","-0.56%"
"20/04/2023","2,098.6","1,996.2","2,100.0","1,963.2","1.93M","5.48%"
"19/04/2023","1,989.6","1,987.0","2,028.2","1,962.0","1.01M","0.41%"
"18/04/2023","1,981.4","1,970.0","1,985.0","1,953.0","422.96K","0.84%"
"17/04/2023","1,964.8","1,955.0","1,980.0","1,948.0","334.70K","1.02%"
"14/04/2023","1,945.0","1,957.0","1,959.6","1,940.0","178.52K","-0.46%"
"13/04/2023","1,954.0","1,959.4","1,966.8","1,942.0","243.76K","0.02%"
"12/04/2023","1,953.6","1,962.0","1,969.8","1,935.2","309.95K","0.07%"
"11/04/2023","1,952.2","1,998.0","2,019.0","1,927.8","1.08M","-2.05%"
"10/04/2023","1,993.0","1,925.0","1,998.2","1,922.2","1.39M","3.81%"
"07/04/2023","1,919.8","1,917.0","1,925.0","1,910.4","196.36K","0.37%"
"06/04/2023","1,912.8","1,907.2","1,934.0","1,906.2","422.19K","0.29%"
"05/04/2023","1,907.2","1,905.8","1,909.0","1,892.0","201.80K","0.12%"
"04/04/2023","1,905.0","1,917.0","1,925.0","1,896.4","345.79K","-0.42%"
"03/04/2023","1,913.0","1,910.6","1,919.0","1,902.6","225.47K","0.60%"
"31/03/2023","1,901.6","1,924.0","1,924.0","1,888.4","304.84K","-0.82%"
"30/03/2023","1,917.4","1,919.6","1,926.4","1,911.0","230.39K","-0.11%"
"29/03/2023","1,919.6","1,932.4","1,936.8","1,907.0","271.67K","-0.52%"
"28/03/2023","1,929.6","1,923.6","1,947.0","1,920.8","353.81K","0.52%"
"27/03/2023","1,919.6","1,888.4","1,920.0","1,888.4","370.71K","1.76%"
"24/03/2023","1,886.4","1,905.0","1,909.0","1,880.0","183.60K","-0.82%"
"23/03/2023","1,902.0","1,886.2","1,907.6","1,885.2","264.22K","0.75%"
"22/03/2023","1,887.8","1,885.0","1,903.4","1,866.6","368.75K","0.01%"
"21/03/2023","1,887.6","1,915.0","1,920.0","1,866.0","464.58K","-1.17%"
"20/03/2023","1,910.0","1,900.0","1,915.0","1,881.0","666.19K","0.63%"
"17/03/2023","1,898.0","1,859.8","1,899.2","1,847.2","674.29K","2.54%"
"16/03/2023","1,851.0","1,855.0","1,882.0","1,812.0","1.27M","-0.71%"
"15/03/2023","1,864.2","1,906.8","1,910.8","1,860.0","544.15K","-1.95%"
"14/03/2023","1,901.2","1,912.2","1,913.8","1,886.0","384.09K","-0.33%"
"13/03/2023","1,907.4","1,919.4","1,939.6","1,880.4","680.35K","-0.50%"
"10/03/2023","1,917.0","1,933.8","1,940.0","1,911.0","481.03K","-1.29%"
"09/03/2023","1,942.0","1,962.0","1,970.4","1,935.4","465.67K","-1.01%"
"07/03/2023","1,961.8","1,974.8","1,978.6","1,956.2","338.37K","-0.57%"
"06/03/2023","1,973.0","1,996.0","1,999.2","1,964.0","591.45K","-0.56%"
"03/03/2023","1,984.2","1,970.4","1,991.2","1,932.4","355.87K","0.68%"
"02/03/2023","1,970.8","2,037.8","2,037.8","1,955.2","1.22M","-3.10%"
"01/03/2023","2,033.8","2,016.0","2,040.0","2,015.0","343.55K","0.93%"
"28/02/2023","2,015.0","2,015.0","2,036.0","2,010.0","354.00K","0.38%"
"27/02/2023","2,007.4","1,948.0","2,025.0","1,930.2","669.64K","1.05%"
"24/02/2023","1,986.6","1,986.4","1,998.2","1,980.4","144.99K","0.31%"
"22/02/2023","1,980.4","1,998.6","1,999.6","1,969.8","242.29K","-0.67%"
"21/02/2023","1,993.8","1,970.0","2,034.8","1,960.0","821.23K","1.83%"
"20/02/2023","1,958.0","1,963.0","1,968.0","1,913.0","449.06K","-0.66%"
"17/02/2023","1,971.0","1,975.0","1,987.8","1,956.0","332.34K","-0.27%"
"16/02/2023","1,976.4","1,980.0","2,023.0","1,958.0","626.50K","0.37%"
"15/02/2023","1,969.2","2,030.2","2,048.0","1,921.6","1.84M","-2.93%"
"14/02/2023","2,028.6","2,064.8","2,065.0","1,994.0","796.13K","-1.77%"
"13/02/2023","2,065.2","2,071.0","2,092.4","2,057.8","399.73K","0.21%"
"10/02/2023","2,060.8","2,046.2","2,065.2","2,032.8","322.54K","1.00%"
"09/02/2023","2,040.4","2,057.2","2,058.6","2,032.0","246.71K","-0.96%"
"08/02/2023","2,060.2","2,080.6","2,080.6","2,036.0","421.58K","-0.79%"
"07/02/2023","2,076.6","2,090.0","2,104.2","2,061.0","442.89K","-0.86%"
"06/02/2023","2,094.6","2,070.0","2,108.0","2,070.0","764.67K","1.89%"
"03/02/2023","2,055.8","2,074.8","2,074.8","2,025.0","538.46K","-0.93%"
"02/02/2023","2,075.0","2,099.8","2,102.6","2,055.0","420.35K","-0.62%"
"01/02/2023","2,088.0","2,050.0","2,128.0","2,036.2","1.73M","1.99%"
"31/01/2023","2,047.2","1,938.6","2,047.4","1,934.0","1.19M","5.85%"
"30/01/2023","1,934.0","1,912.0","1,938.6","1,912.0","188.92K","1.15%"
"27/01/2023","1,912.0","1,900.0","1,916.0","1,897.6","154.61K","0.48%"
"26/01/2023","1,902.8","1,910.0","1,924.8","1,885.0","250.60K","-0.63%"
"25/01/2023","1,914.8","1,920.2","1,927.6","1,897.2","237.59K","-0.26%"
"24/01/2023","1,919.8","1,949.6","1,959.8","1,912.2","422.88K","-1.30%"
"23/01/2023","1,945.0","1,910.0","1,948.0","1,903.2","338.80K","2.11%"
"20/01/2023","1,904.8","1,877.8","1,913.8","1,871.2","308.45K","1.19%"
"19/01/2023","1,882.4","1,910.0","1,914.0","1,873.2","196.33K","-1.27%"
"18/01/2023","1,906.6","1,889.0","1,931.8","1,872.8","408.58K","0.90%"
"17/01/2023","1,889.6","1,959.0","1,959.0","1,869.8","533.20K","-3.29%"
"16/01/2023","1,953.8","1,925.6","1,955.0","1,923.0","314.69K","2.19%"
"13/01/2023","1,912.0","1,900.0","1,914.6","1,883.4","208.34K","0.75%"
"12/01/2023","1,897.8","1,909.0","1,914.8","1,886.8","203.03K","-0.59%"
"11/01/2023","1,909.0","1,874.8","1,909.6","1,873.0","307.07K","2.09%"
"10/01/2023","1,870.0","1,869.8","1,873.8","1,855.0","195.54K","0.17%"
"09/01/2023","1,866.8","1,855.8","1,874.2","1,850.0","216.52K","0.89%"
"06/01/2023","1,850.4","1,856.0","1,864.4","1,845.0","74.73K","-0.27%"
"05/01/2023","1,855.4","1,871.0","1,886.8","1,841.2","156.87K","-0.62%"
"04/01/2023","1,867.0","1,832.0","1,877.0","1,827.2","221.87K","1.91%"
"03/01/2023","1,832.0","1,817.0","1,839.0","1,805.8","210.14K","0.78%"
"30/12/2022","1,817.8","1,812.2","1,823.0","1,791.0","370.92K","-0.10%"
"29/12/2022","1,819.6","1,816.6","1,828.2","1,806.2","233.79K","0.21%"
"28/12/2022","1,815.8","1,822.8","1,846.0","1,811.0","349.57K","-0.99%"
"27/12/2022","1,834.0","1,817.2","1,849.6","1,797.2","356.24K","1.25%"
"26/12/2022","1,811.4","1,826.0","1,829.8","1,793.0","393.80K","-0.54%"
"23/12/2022","1,821.2","1,847.0","1,847.0","1,811.0","401.52K","-1.40%"
"22/12/2022","1,847.0","1,836.4","1,865.0","1,810.0","425.06K","0.72%"
"21/12/2022","1,833.8","1,856.0","1,878.0","1,791.2","522.60K","-0.45%"
"20/12/2022","1,842.0","1,764.6","1,845.0","1,764.6","510.00K","4.14%"
"19/12/2022","1,768.8","1,830.0","1,834.8","1,762.4","583.81K","-3.68%"
"16/12/2022","1,836.4","1,854.8","1,862.2","1,830.8","255.84K","-0.71%"
"15/12/2022","1,849.6","1,850.0","1,883.0","1,823.6","567.68K","-0.08%"
"14/12/2022","1,851.0","1,900.0","1,900.0","1,826.4","749.29K","-2.54%"
"13/12/2022","1,899.2","1,926.0","1,927.0","1,881.0","489.65K","-1.18%"
"12/12/2022","1,921.8","1,950.8","1,959.6","1,910.0","279.45K","-1.42%"
"09/12/2022","1,949.4","1,950.2","1,963.0","1,933.0","193.63K","-0.46%"
"08/12/2022","1,958.4","1,976.6","1,984.8","1,940.8","312.45K","-0.91%"
"07/12/2022","1,976.4","1,989.4","1,989.8","1,962.0","218.53K","-0.65%"
"06/12/2022","1,989.4","1,988.0","2,000.0","1,961.6","367.31K","0.18%"
"05/12/2022","1,985.8","1,963.2","2,004.4","1,963.2","601.60K","0.74%"
"02/12/2022","1,971.2","1,980.2","1,980.2","1,957.2","268.38K","-0.45%"
"01/12/2022","1,980.2","2,000.0","2,003.6","1,960.0","412.84K","-0.82%"
"30/11/2022","1,996.6","1,988.0","2,014.6","1,954.8","763.50K","0.52%"
"29/11/2022","1,986.2","1,918.8","1,992.0","1,916.4","1.18M","3.76%"
"28/11/2022","1,914.2","1,995.0","1,995.6","1,885.8","2.25M","-5.26%"
"25/11/2022","2,020.4","2,120.0","2,153.0","2,006.0","1.93M","-5.15%"
"24/11/2022","2,130.0","2,151.0","2,154.6","2,108.4","346.23K","-0.23%"
"23/11/2022","2,135.0","2,092.8","2,159.4","2,061.0","669.57K","2.46%"
"22/11/2022","2,083.8","2,067.6","2,095.2","2,050.0","202.49K","0.76%"
"21/11/2022","2,068.0","2,091.0","2,102.4","2,038.0","378.46K","-1.44%"
"18/11/2022","2,098.2","2,097.0","2,110.4","2,065.0","232.00K","0.02%"
"17/11/2022","2,097.8","2,120.0","2,128.6","2,081.2","185.22K","-0.78%"
"16/11/2022","2,114.2","2,089.0","2,124.0","2,066.0","327.22K","2.06%"
"15/11/2022","2,071.6","2,140.0","2,184.0","1,950.0","1.06M","-2.85%"
"14/11/2022","2,132.4","2,122.2","2,150.0","2,102.6","318.11K","0.48%"
"11/11/2022","2,122.2","2,119.8","2,139.6","2,111.8","328.60K","0.50%"
"10/11/2022","2,111.6","2,060.4","2,129.0","2,040.0","492.25K","2.48%"
"09/11/2022","2,060.4","2,130.0","2,130.0","2,035.4","607.69K","-3.16%"
"08/11/2022","2,127.6","2,155.0","2,165.0","2,111.2","343.98K","-1.12%"
"07/11/2022","2,151.6","2,146.0","2,162.0","2,130.0","576.83K","1.54%"
"03/11/2022","2,119.0","2,110.0","2,134.0","2,080.0","805.08K","0.43%"
"02/11/2022","2,110.0","2,160.0","2,165.0","2,055.0","575.12K","-2.18%"
"01/11/2022","2,157.0","2,119.0","2,160.0","2,097.0","749.91K","2.28%"
"31/10/2022","2,109.0","2,030.0","2,109.0","2,025.0","804.93K","4.31%"
"28/10/2022","2,021.8","2,011.4","2,026.8","1,962.8","473.01K","0.04%"
"27/10/2022","2,021.0","2,018.2","2,038.6","2,002.6","415.44K","0.65%"
"26/10/2022","2,008.0","2,030.0","2,036.8","1,984.8","463.94K","-0.60%"
"25/10/2022","2,020.2","1,976.0","2,026.8","1,957.0","471.86K","2.37%"
"24/10/2022","1,973.4","1,982.0","2,012.0","1,950.8","353.62K","-0.13%"
"21/10/2022","1,976.0","1,929.0","1,982.4","1,910.8","446.82K","2.45%"
"20/10/2022","1,928.8","1,935.0","1,955.2","1,907.0","540.15K","0.07%"
"19/10/2022","1,927.4","1,968.0","1,995.0","1,871.6","1.43M","-2.06%"
"18/10/2022","1,968.0","2,034.4","2,045.0","1,953.4","610.81K","-2.68%"
"17/10/2022","2,022.2","2,001.0","2,024.6","1,983.6","475.37K","1.57%"
"14/10/2022","1,991.0","2,039.0","2,052.0","1,967.2","867.57K","-2.02%"
"13/10/2022","2,032.0","2,044.2","2,089.0","2,005.6","1.08M","-0.59%"
"12/10/2022","2,044.0","2,019.8","2,058.8","1,986.0","837.65K","1.86%"
"11/10/2022","2,006.6","2,003.0","2,037.8","1,986.0","849.35K","0.43%"
"10/10/2022","1,998.0","1,810.0","1,999.8","1,810.0","1.43M","3.51%"
"07/10/2022","1,930.2","1,993.0","1,995.4","1,913.0","932.73K","-3.70%"
"06/10/2022","2,004.4","2,043.8","2,056.0","1,977.0","893.39K","-1.25%"
"05/10/2022","2,029.8","1,987.0","2,059.4","1,940.4","1.99M","2.26%"
"04/10/2022","1,985.0","1,968.0","2,004.0","1,901.0","1.25M","1.33%"
"03/10/2022","1,959.0","1,878.0","1,959.6","1,868.0","937.16K","4.34%"
"30/09/2022","1,877.6","1,840.0","1,940.0","1,801.2","2.26M","2.01%"
"29/09/2022","1,840.6","1,802.4","1,880.0","1,756.0","1.82M","3.40%"
"28/09/2022","1,780.0","1,713.2","1,796.0","1,669.2","1.81M","3.90%"
"27/09/2022","1,713.2","1,575.0","1,715.0","1,575.0","1.71M","11.03%"
"26/09/2022","1,543.0","1,750.2","1,762.0","1,505.0","2.24M","-13.89%"
"23/09/2022","1,791.8","1,923.0","1,923.0","1,750.0","1.52M","-6.52%"
"22/09/2022","1,916.8","1,902.6","1,969.8","1,892.4","978.68K","0.92%"
"21/09/2022","1,899.4","1,782.2","1,978.0","1,688.6","2.23M","-5.50%"
"20/09/2022","2,010.0","2,240.0","2,254.0","1,890.0","3.60M","-9.87%"
"19/09/2022","2,230.0","2,206.2","2,250.0","2,198.0","513.65K","1.09%"
"16/09/2022","2,206.0","2,184.8","2,238.0","2,175.0","781.49K","1.30%"
"15/09/2022","2,177.6","2,166.2","2,195.0","2,151.2","421.39K","0.47%"
"14/09/2022","2,167.4","2,193.2","2,193.2","2,109.4","522.54K","-1.10%"
"13/09/2022","2,191.4","2,160.0","2,206.6","2,142.4","787.67K","1.99%"
"12/09/2022","2,148.6","2,089.8","2,181.6","2,078.0","798.46K","2.66%"
"09/09/2022","2,093.0","2,071.0","2,095.0","2,042.0","243.67K","1.41%"
"08/09/2022","2,064.0","2,076.0","2,095.0","2,036.0","304.25K","-0.58%"
"07/09/2022","2,076.0","2,071.0","2,105.6","2,034.0","386.74K","0.29%"
"06/09/2022","2,070.0","2,156.0","2,183.0","2,007.2","856.70K","-3.94%"
"05/09/2022","2,155.0","2,158.0","2,160.0","2,121.6","211.32K","0.23%"
"02/09/2022","2,150.0","2,177.2","2,180.0","2,116.0","424.21K","-1.29%"
"01/09/2022","2,178.0","2,184.0","2,195.4","2,150.4","301.05K","0.34%"
"31/08/2022","2,170.6","2,198.0","2,236.0","2,111.2","695.21K","-0.89%"
"30/08/2022","2,190.0","2,108.0","2,205.0","2,096.0","1.02M","4.04%"
"29/08/2022","2,105.0","2,100.0","2,112.0","2,081.8","282.67K","0.24%"
"26/08/2022","2,100.0","2,119.4","2,130.0","2,089.4","310.17K","-0.89%"
"25/08/2022","2,118.8","2,087.0","2,120.0","2,085.0","425.45K","1.61%"
"24/08/2022","2,085.2","2,095.0","2,123.0","2,070.0","536.35K","0.14%"
"23/08/2022","2,082.2","2,011.0","2,089.0","2,011.0","757.78K","3.80%"
"22/08/2022","2,006.0","1,936.6","2,022.0","1,920.4","578.82K","3.58%"
"19/08/2022","1,936.6","1,964.0","1,965.0","1,920.0","191.73K","-1.50%"
"18/08/2022","1,966.0","1,960.0","1,975.0","1,943.0","208.42K","0.41%"
"17/08/2022","1,958.0","1,940.0","1,979.2","1,930.2","317.21K","1.19%"
"16/08/2022","1,935.0","1,917.8","1,940.8","1,901.0","226.93K","1.63%"
"15/08/2022","1,904.0","1,908.0","1,933.0","1,872.2","350.69K","0.05%"
"12/08/2022","1,903.0","1,915.6","1,948.8","1,888.8","509.68K","-0.66%"
"11/08/2022","1,915.6","1,980.0","2,014.4","1,901.0","571.32K","-2.85%"
"10/08/2022","1,971.8","1,944.6","1,989.0","1,930.2","393.81K","1.41%"
"09/08/2022","1,944.4","1,933.0","1,949.0","1,887.6","429.52K","0.59%"
"08/08/2022","1,933.0","1,984.0","1,985.6","1,893.0","921.07K","5.23%"
"05/08/2022","1,837.0","2,032.0","2,032.0","1,811.2","1.36M","-8.15%"
"04/08/2022","2,000.0","1,985.0","2,032.0","1,975.0","707.57K","2.25%"
"03/08/2022","1,956.0","1,898.0","1,986.2","1,895.0","710.25K","3.43%"
"02/08/2022","1,891.2","1,923.0","1,948.0","1,860.2","643.45K","-1.82%"
"01/08/2022","1,926.2","1,948.0","1,973.0","1,852.2","981.25K","-1.32%"
"29/07/2022","1,952.0","2,055.0","2,078.0","1,950.0","1.29M","-5.38%"
"28/07/2022","2,063.0","2,096.0","2,109.0","2,038.0","570.96K","-0.43%"
"27/07/2022","2,072.0","2,149.0","2,150.0","2,020.0","1.81M","-3.00%"
"26/07/2022","2,136.0","1,994.0","2,170.0","1,975.2","2.86M","8.26%"
"25/07/2022","1,973.0","1,827.0","1,978.8","1,810.0","1.21M","9.61%"
"22/07/2022","1,800.0","1,708.0","1,804.0","1,706.2","607.01K","5.82%"
"21/07/2022","1,701.0","1,720.4","1,733.8","1,658.6","216.73K","-0.84%"
"20/07/2022","1,715.4","1,680.0","1,748.0","1,670.4","439.31K","2.57%"
"19/07/2022","1,672.4","1,698.0","1,705.8","1,645.0","314.10K","-1.39%"
"18/07/2022","1,696.0","1,650.0","1,719.6","1,645.0","436.69K","3.50%"
"15/07/2022","1,638.6","1,625.6","1,642.0","1,602.6","225.79K","1.55%"
"14/07/2022","1,613.6","1,618.0","1,669.0","1,572.0","304.54K","0.85%"
"13/07/2022","1,600.0","1,660.6","1,688.8","1,586.0","239.33K","-3.65%"
"12/07/2022","1,660.6","1,678.0","1,680.6","1,595.0","409.97K","-1.04%"
"11/07/2022","1,678.0","1,706.0","1,740.0","1,660.0","360.34K","-1.53%"
"08/07/2022","1,704.0","1,729.0","1,739.4","1,685.4","262.13K","-0.41%"
"07/07/2022","1,711.0","1,660.0","1,729.0","1,660.0","418.76K","3.38%"
"06/07/2022","1,655.0","1,720.6","1,748.0","1,634.8","400.94K","-2.73%"
"05/07/2022","1,701.4","1,680.0","1,742.0","1,660.0","358.31K","2.49%"
"04/07/2022","1,660.0","1,604.6","1,688.0","1,571.8","317.03K","4.01%"
"01/07/2022","1,596.0","1,595.2","1,627.0","1,552.0","215.29K","-0.49%"
"30/06/2022","1,603.8","1,710.0","1,730.0","1,565.8","490.00K","-6.32%"
"29/06/2022","1,712.0","1,748.8","1,748.8","1,666.2","310.18K","-2.17%"
"28/06/2022","1,750.0","1,781.0","1,781.2","1,731.2","396.26K","-1.63%"
"27/06/2022","1,779.0","1,660.0","1,779.0","1,645.2","523.23K","8.15%"
"24/06/2022","1,645.0","1,665.0","1,680.0","1,610.4","246.01K","-1.02%"
"23/06/2022","1,662.0","1,604.6","1,669.0","1,581.0","460.81K","3.88%"
"22/06/2022","1,600.0","1,525.0","1,600.0","1,500.4","331.68K","4.32%"
"21/06/2022","1,533.8","1,574.8","1,629.0","1,531.2","592.52K","-1.73%"
"20/06/2022","1,560.8","1,468.0","1,566.0","1,467.8","570.14K","6.54%"
"17/06/2022","1,465.0","1,472.0","1,511.4","1,433.4","454.57K","0.60%"
"16/06/2022","1,456.2","1,404.0","1,457.0","1,390.0","474.18K","4.76%"
"15/06/2022","1,390.0","1,398.6","1,407.8","1,380.2","239.64K","0.29%"
"14/06/2022","1,386.0","1,360.0","1,429.2","1,360.0","324.92K","-1.06%"
"10/06/2022","1,400.8","1,390.0","1,470.0","1,350.0","492.97K","-0.04%"
"09/06/2022","1,401.4","1,456.6","1,461.2","1,382.0","379.50K","-3.76%"
"08/06/2022","1,456.2","1,470.0","1,495.0","1,441.4","370.12K","1.27%"
"07/06/2022","1,438.0","1,397.8","1,442.6","1,333.0","760.61K","2.73%"
"06/06/2022","1,399.8","1,513.0","1,525.6","1,385.0","904.10K","-6.49%"
"03/06/2022","1,497.0","1,593.0","1,620.0","1,366.4","1.37M","-5.97%"
"02/06/2022","1,592.0","1,590.8","1,607.6","1,564.6","204.05K","0.38%"
"01/06/2022","1,586.0","1,566.8","1,623.0","1,559.0","226.67K","1.16%"
"31/05/2022","1,567.8","1,591.0","1,602.0","1,550.4","152.00K","-1.87%"
"30/05/2022","1,597.6","1,654.0","1,663.0","1,592.2","214.29K","-2.82%"
"27/05/2022","1,644.0","1,700.0","1,705.0","1,630.0","221.09K","-1.56%"
"26/05/2022","1,670.0","1,618.0","1,708.6","1,608.0","461.18K","3.86%"
"25/05/2022","1,608.0","1,594.0","1,636.0","1,572.0","187.77K","1.13%"
"24/05/2022","1,590.0","1,592.0","1,629.0","1,530.2","197.07K","-0.18%"
"23/05/2022","1,592.8","1,636.0","1,673.8","1,570.6","199.41K","-3.23%"
"20/05/2022","1,646.0","1,722.0","1,733.4","1,600.0","261.10K","-3.46%"
"19/05/2022","1,705.0","1,700.0","1,713.0","1,640.0","203.90K","-0.63%"
"18/05/2022","1,715.8","1,707.8","1,795.0","1,701.8","321.63K","0.87%"
"17/05/2022","1,701.0","1,653.0","1,707.0","1,649.8","204.92K","3.83%"
"16/05/2022","1,638.2","1,618.0","1,679.0","1,562.0","266.04K","2.84%"
"13/05/2022","1,593.0","1,604.6","1,624.6","1,574.2","121.15K","-0.06%"
"12/05/2022","1,594.0","1,694.8","1,694.8","1,543.6","259.93K","-4.97%"
"11/05/2022","1,677.4","1,688.0","1,728.6","1,634.0","255.65K","-0.63%"
"06/05/2022","1,688.0","1,734.0","1,734.0","1,655.0","200.40K","-2.68%"
"05/05/2022","1,734.4","1,719.0","1,751.8","1,703.0","187.67K","2.08%"
"04/05/2022","1,699.0","1,792.2","1,813.6","1,684.2","368.60K","-3.83%"
"29/04/2022","1,766.6","1,735.0","1,817.6","1,734.2","395.09K","2.65%"
"28/04/2022","1,721.0","1,767.0","1,928.6","1,717.0","1.23M","-1.58%"
"27/04/2022","1,748.6","1,620.0","1,770.0","1,587.0","915.37K","9.23%"
"26/04/2022","1,600.8","1,520.8","1,628.0","1,500.0","981.42K","5.26%"
"25/04/2022","1,520.8","1,692.0","1,698.0","1,520.0","818.75K","-10.12%"
"22/04/2022","1,692.0","1,670.0","1,695.0","1,532.0","1.14M","2.79%"
"21/04/2022","1,646.0","1,794.6","1,808.6","1,642.8","970.85K","-8.03%"
"20/04/2022","1,789.8","1,867.0","1,890.0","1,782.4","781.64K","-3.65%"
"19/04/2022","1,857.6","1,885.2","1,910.6","1,732.2","784.35K","-1.20%"
"18/04/2022","1,880.2","1,998.0","2,019.2","1,871.2","419.97K","-5.02%"
"15/04/2022","1,979.6","1,955.4","1,996.0","1,900.2","343.21K","1.77%"
"14/04/2022","1,945.2","2,088.0","2,099.2","1,943.0","511.34K","-6.84%"
"13/04/2022","2,088.0","2,088.0","2,115.0","2,050.0","244.64K","0.68%"
"12/04/2022","2,074.0","2,097.0","2,115.0","1,980.8","472.51K","-1.10%"
"11/04/2022","2,097.0","2,120.0","2,160.0","2,071.0","429.68K","-0.85%"
"08/04/2022","2,115.0","2,173.8","2,188.6","2,075.0","626.34K","-0.70%"
"07/04/2022","2,130.0","2,071.0","2,246.2","2,071.0","1.41M","2.86%"
"06/04/2022","2,070.8","2,109.0","2,145.0","2,025.0","1.40M","-4.06%"
"05/04/2022","2,158.4","2,295.4","2,340.0","2,020.0","1.73M","-5.54%"
"04/04/2022","2,285.0","2,370.0","2,420.0","2,201.0","1.78M","-1.72%"
"01/04/2022","2,325.0","2,299.4","2,460.0","2,280.0","2.15M","2.92%"
"31/03/2022","2,259.0","2,233.0","2,290.0","2,155.0","1.68M","4.87%"
"30/03/2022","2,154.0","2,100.0","2,250.0","2,025.0","1.78M","6.63%"
"29/03/2022","2,020.0","2,010.0","2,173.0","1,932.0","2.59M","4.60%"
"25/02/2022","1,931.2","1,949.8","2,385.0","1,900.0","5.76M","-2.95%"
"24/02/2022","1,990.0","2,954.0","2,954.0","1,700.0","9.02M","-36.92%"
"22/02/2022","3,154.8","3,026.8","3,409.8","2,900.0","10.24M","2.90%"
"21/02/2022","3,065.8","3,470.0","3,648.8","2,845.0","10.65M","-11.79%"
"18/02/2022","3,475.4","3,800.0","3,880.0","3,457.0","5.00M","-7.88%"
"17/02/2022","3,772.6","4,044.8","4,044.8","3,737.2","4.48M","-6.73%"
"16/02/2022","4,044.8","3,981.0","4,184.4","3,893.0","5.89M","2.32%"
"15/02/2022","3,953.2","3,518.8","3,992.8","3,497.4","7.83M","13.88%"
"14/02/2022","3,471.4","3,428.2","3,540.0","3,306.8","4.80M","1.21%"
"11/02/2022","3,429.8","3,768.2","3,828.0","3,400.0","3.93M","-9.86%"
"10/02/2022","3,805.0","3,763.0","3,900.2","3,651.8","2.90M","1.12%"
"09/02/2022","3,763.0","3,640.2","3,777.0","3,633.6","2.12M","3.83%"
"08/02/2022","3,624.2","3,478.0","3,625.8","3,452.8","1.92M","4.50%"
"07/02/2022","3,468.0","3,511.4","3,550.0","3,422.8","1.25M","-0.98%"
"04/02/2022","3,502.4","3,575.0","3,644.0","3,460.6","2.12M","-0.42%"
"03/02/2022","3,517.0","3,630.0","3,635.6","3,483.4","2.42M","-4.30%"
"02/02/2022","3,675.0","3,749.0","3,840.0","3,640.0","2.71M","-1.32%"
"01/02/2022","3,724.0","3,715.0","3,944.8","3,662.8","3.35M","0.17%"
"31/01/2022","3,717.6","3,488.0","3,718.2","3,456.0","2.66M","7.81%"
"28/01/2022","3,448.4","3,420.8","3,525.0","3,371.6","3.40M","1.27%"
"27/01/2022","3,405.2","3,315.0","3,595.0","3,276.0","4.04M","1.20%"
"26/01/2022","3,364.8","3,427.0","3,563.8","3,314.4","3.25M","-1.30%"
"25/01/2022","3,409.2","3,330.0","3,477.0","3,225.0","3.46M","1.92%"
"24/01/2022","3,345.0","3,491.8","3,550.0","3,094.8","4.85M","-4.15%"
"21/01/2022","3,490.0","3,650.0","3,748.2","3,475.2","2.99M","-4.88%"
"20/01/2022","3,669.2","3,701.8","3,860.0","3,665.0","2.68M","-0.88%"
"19/01/2022","3,701.8","3,769.0","3,968.6","3,570.0","3.63M","-1.78%"
"18/01/2022","3,769.0","4,076.0","4,115.6","3,739.0","2.67M","-7.52%"
"17/01/2022","4,075.6","3,952.0","4,088.8","3,875.0","1.91M","3.48%"
"14/01/2022","3,938.6","4,153.0","4,250.0","3,726.0","3.33M","-5.50%"
"13/01/2022","4,168.0","4,393.2","4,450.0","4,150.0","1.98M","-5.13%"
"12/01/2022","4,393.2","4,343.0","4,464.8","4,330.0","1.49M","1.27%"
"11/01/2022","4,338.2","4,217.2","4,398.6","4,177.8","1.68M","3.38%"
"10/01/2022","4,196.4","4,194.0","4,262.4","4,061.4","1.49M","-0.71%"
"06/01/2022","4,226.6","4,269.6","4,374.2","4,206.2","1.18M","-1.13%"
"05/01/2022","4,275.0","4,477.0","4,477.0","4,270.0","990.79K","-4.57%"
"04/01/2022","4,479.8","4,525.8","4,577.0","4,413.0","906.79K","-0.78%"
"03/01/2022","4,515.2","4,569.4","4,631.8","4,503.2","848.84K","-1.19%"
"30/12/2021","4,569.4","4,426.6","4,584.6","4,409.6","755.80K","3.41%"
"29/12/2021","4,418.8","4,482.0","4,528.6","4,380.0","887.14K","-1.41%"
"28/12/2021","4,482.0","4,471.0","4,535.0","4,457.6","698.08K","0.32%"
"27/12/2021","4,467.8","4,427.0","4,500.0","4,427.0","597.51K","0.97%"
"24/12/2021","4,424.8","4,426.4","4,449.0","4,325.8","553.63K","0.32%"
"23/12/2021","4,410.6","4,500.0","4,539.6","4,366.0","801.73K","-1.73%"
"22/12/2021","4,488.4","4,621.0","4,650.2","4,488.0","916.73K","-1.97%"
"21/12/2021","4,578.8","4,490.0","4,603.6","4,480.4","630.01K","2.32%"
"20/12/2021","4,474.8","4,599.8","4,649.4","4,471.2","772.84K","-3.36%"
"17/12/2021","4,630.2","4,610.0","4,700.6","4,541.0","1.11M","0.45%"
"16/12/2021","4,609.6","4,526.0","4,810.4","4,505.6","1.82M","2.17%"
"15/12/2021","4,511.6","4,587.4","4,619.0","4,462.0","826.88K","-1.63%"
"14/12/2021","4,586.4","4,560.0","4,675.0","4,237.2","1.15M","0.58%"
"13/12/2021","4,560.0","4,674.4","4,728.8","4,505.0","1.41M","-2.23%"
"10/12/2021","4,664.0","4,859.0","4,887.0","4,650.0","1.10M","-3.91%"
"09/12/2021","4,853.6","4,934.0","5,013.2","4,825.0","897.65K","-1.59%"
"08/12/2021","4,932.2","5,016.0","5,071.2","4,775.0","1.05M","-1.20%"
"07/12/2021","4,992.0","5,080.2","5,178.0","4,983.2","978.82K","-1.50%"
"06/12/2021","5,068.0","5,100.6","5,169.0","4,905.0","820.38K","-0.64%"
"03/12/2021","5,100.6","5,260.0","5,283.0","5,073.0","880.16K","-2.94%"
"02/12/2021","5,255.0","5,338.4","5,412.6","5,185.0","955.37K","-1.42%"
"01/12/2021","5,330.8","5,412.0","5,458.6","5,330.0","617.16K","-0.53%"
"30/11/2021","5,359.4","5,353.0","5,510.0","5,261.2","1.63M","-0.88%"
"29/11/2021","5,407.0","5,395.0","5,529.0","5,333.0","1.15M","0.50%"
"26/11/2021","5,380.0","5,416.2","5,530.2","5,316.2","1.25M","-3.11%"
"25/11/2021","5,552.8","5,561.2","5,639.8","5,526.2","339.37K","0.19%"
"24/11/2021","5,542.2","5,594.0","5,640.0","5,435.0","1.01M","-0.52%"
"23/11/2021","5,571.0","5,430.0","5,659.8","5,372.0","1.53M","2.22%"
"22/11/2021","5,450.0","6,000.0","6,048.6","5,339.8","2.34M","-8.69%"
"19/11/2021","5,968.8","5,999.8","6,150.0","5,916.0","668.26K","-0.42%"
"18/11/2021","5,993.8","5,925.0","5,995.8","5,894.4","323.15K","1.05%"
"17/11/2021","5,931.6","5,931.2","5,957.6","5,870.2","317.22K","-0.08%"
"16/11/2021","5,936.4","5,927.0","5,962.0","5,875.8","391.61K","0.13%"
"15/11/2021","5,928.4","5,970.2","6,045.6","5,894.0","498.50K","-0.70%"
"12/11/2021","5,970.2","5,975.0","6,023.8","5,835.6","870.73K","0.06%"
"11/11/2021","5,966.6","5,880.2","6,024.8","5,843.2","457.51K","1.86%"
"10/11/2021","5,857.8","5,990.6","6,057.0","5,847.0","554.65K","-2.21%"
"09/11/2021","5,990.4","6,135.0","6,188.0","5,981.2","475.17K","-2.77%"
"08/11/2021","6,161.0","6,148.0","6,217.0","6,080.0","626.07K","0.67%"
"05/11/2021","6,120.0","6,028.0","6,145.0","5,964.2","794.84K","1.54%"
"03/11/2021","6,027.0","5,940.0","6,046.6","5,880.2","552.13K","1.42%"
"02/11/2021","5,942.4","5,897.0","5,974.0","5,866.2","434.45K","0.89%"
"01/11/2021","5,890.0","5,860.8","5,947.4","5,767.0","575.55K","0.18%"
"29/10/2021","5,879.2","5,808.0","5,913.6","5,742.0","1.10M","0.97%"
"28/10/2021","5,823.0","5,557.8","5,872.4","5,542.0","1.47M","4.47%"
"27/10/2021","5,573.8","5,315.0","5,628.6","5,241.4","1.33M","4.98%"
"26/10/2021","5,309.6","5,415.6","5,432.0","5,283.8","441.08K","-1.36%"
"25/10/2021","5,383.0","5,340.0","5,422.0","5,319.0","429.57K","1.07%"
"22/10/2021","5,325.8","5,385.0","5,434.8","5,308.6","445.07K","-1.19%"
"21/10/2021","5,390.0","5,416.0","5,449.0","5,370.0","364.88K","-0.56%"
"20/10/2021","5,420.2","5,491.0","5,526.0","5,405.2","414.09K","-1.09%"
"19/10/2021","5,480.0","5,495.0","5,540.0","5,431.0","498.59K","-0.16%"
"18/10/2021","5,488.8","5,403.4","5,489.2","5,382.0","349.72K","1.14%"
"15/10/2021","5,427.2","5,549.6","5,549.6","5,400.2","591.16K","-1.65%"
"14/10/2021","5,518.0","5,597.0","5,619.0","5,492.2","578.24K","-0.64%"
"13/10/2021","5,553.8","5,560.0","5,629.0","5,524.6","483.99K","0.09%"
"12/10/2021","5,549.0","5,600.0","5,653.6","5,545.0","491.85K","-1.30%"
"11/10/2021","5,622.2","5,702.2","5,736.8","5,587.6","446.34K","-1.39%"
"08/10/2021","5,701.6","5,700.4","5,729.6","5,639.2","498.07K","-0.06%"
"07/10/2021","5,705.2","5,698.2","5,767.8","5,649.8","756.52K","0.19%"
"06/10/2021","5,694.2","5,590.0","5,699.0","5,500.0","765.04K","1.79%"
"05/10/2021","5,594.2","5,470.0","5,639.6","5,464.2","932.26K","1.64%"
"04/10/2021","5,504.0","5,764.8","5,774.6","5,433.4","937.34K","-4.55%"
"01/10/2021","5,766.4","5,774.0","5,843.8","5,745.2","334.12K","-0.66%"
"30/09/2021","5,804.6","5,769.6","5,849.0","5,731.0","501.15K","0.73%"
"29/09/2021","5,762.4","5,799.8","5,880.0","5,741.0","351.70K","-0.44%"
"28/09/2021","5,788.0","5,950.0","5,964.8","5,750.2","509.47K","-2.71%"
"27/09/2021","5,949.2","5,858.0","5,980.0","5,831.4","694.58K","1.69%"
"24/09/2021","5,850.4","5,890.0","5,890.0","5,786.0","272.78K","-0.59%"
"23/09/2021","5,885.0","5,755.0","5,890.0","5,735.0","354.54K","2.26%"
"22/09/2021","5,755.0","5,780.2","5,796.6","5,722.0","382.83K","-0.29%"
"21/09/2021","5,771.8","5,808.0","5,839.0","5,726.0","379.84K","-0.23%"
"20/09/2021","5,785.0","5,826.8","5,877.0","5,767.0","494.75K","-0.74%"
"17/09/2021","5,828.4","5,884.0","5,924.8","5,825.6","543.40K","-0.74%"
"16/09/2021","5,872.0","5,892.0","5,986.4","5,866.4","659.65K","-0.34%"
"15/09/2021","5,892.0","5,962.0","5,990.4","5,861.8","504.50K","-1.36%"
"14/09/2021","5,973.0","5,942.0","5,988.6","5,872.0","533.97K","0.57%"
"13/09/2021","5,939.2","5,906.6","5,948.0","5,817.0","517.43K","1.21%"
"10/09/2021","5,868.4","5,746.0","5,896.0","5,707.8","450.41K","2.33%"
"09/09/2021","5,735.0","5,701.4","5,766.0","5,642.0","411.47K","0.39%"
"08/09/2021","5,712.6","5,685.0","5,759.8","5,647.4","543.56K","0.38%"
"07/09/2021","5,690.8","5,810.0","5,828.6","5,689.0","618.95K","-1.95%"
"06/09/2021","5,804.0","5,740.0","5,860.0","5,726.6","382.78K","1.25%"
"03/09/2021","5,732.6","5,649.8","5,738.2","5,592.0","525.49K","1.71%"
"02/09/2021","5,636.4","5,725.0","5,773.0","5,629.6","710.45K","-1.11%"
"01/09/2021","5,699.6","5,621.2","5,767.4","5,565.0","1.06M","1.51%"
"31/08/2021","5,615.0","5,385.8","5,647.0","5,378.0","1.52M","4.91%"
"30/08/2021","5,352.4","5,308.2","5,405.0","5,290.0","570.61K","0.84%"
"27/08/2021","5,308.0","5,216.0","5,326.8","5,180.0","594.23K","1.71%"
"26/08/2021","5,219.0","5,129.6","5,233.8","5,091.0","399.22K","1.74%"
"25/08/2021","5,129.6","5,150.0","5,155.4","5,106.0","248.44K","-0.57%"
"24/08/2021","5,159.0","5,110.4","5,159.2","5,061.2","372.51K","1.08%"
"23/08/2021","5,104.0","5,094.4","5,124.8","5,047.0","304.46K","0.85%"
"20/08/2021","5,061.0","5,065.6","5,113.8","5,016.0","287.27K","-0.09%"
"19/08/2021","5,065.6","5,054.0","5,115.0","4,994.2","506.13K","0.21%"
"18/08/2021","5,055.2","5,098.6","5,127.0","5,052.4","295.03K","-0.20%"
"17/08/2021","5,065.2","5,060.0","5,139.8","5,060.0","538.03K","-0.55%"
"16/08/2021","5,093.0","4,971.0","5,093.4","4,960.0","582.13K","2.37%"
"13/08/2021","4,975.0","4,984.8","5,000.4","4,935.0","214.78K","-0.19%"
"12/08/2021","4,984.4","5,025.2","5,068.6","4,971.0","370.18K","-1.03%"
"11/08/2021","5,036.4","4,966.4","5,065.0","4,945.0","453.41K","1.41%"
"10/08/2021","4,966.2","4,986.4","4,994.0","4,930.8","276.42K","-0.10%"
"09/08/2021","4,971.0","4,971.2","5,007.0","4,936.0","268.76K","0.00%"
"06/08/2021","4,971.2","4,994.2","5,025.2","4,920.0","393.79K","-0.48%"
"05/08/2021","4,995.0","4,992.4","5,032.2","4,960.2","377.02K","0.11%"
"04/08/2021","4,989.6","4,945.4","5,019.8","4,910.0","479.60K","1.13%"
"03/08/2021","4,934.0","4,951.0","4,972.0","4,910.2","445.19K","-0.08%"
"02/08/2021","4,938.0","4,994.0","5,007.6","4,928.0","353.81K","-0.65%"
"30/07/2021","4,970.4","5,008.4","5,026.0","4,905.0","955.25K","-1.28%"
"29/07/2021","5,034.6","5,076.0","5,095.8","5,005.0","505.88K","-0.83%"
"28/07/2021","5,076.8","5,000.2","5,137.4","5,000.2","695.68K","0.83%"
"27/07/2021","5,035.2","5,155.0","5,177.2","4,975.4","740.15K","-2.33%"
"26/07/2021","5,155.2","5,185.8","5,237.0","5,130.0","669.65K","-0.79%"
"23/07/2021","5,196.4","5,180.0","5,198.8","5,115.0","304.41K","0.59%"
"22/07/2021","5,165.8","5,160.0","5,198.8","5,112.0","381.26K","0.28%"
"21/07/2021","5,151.2","5,100.0","5,165.0","5,075.4","260.07K","1.10%"
"20/07/2021","5,095.4","5,122.4","5,127.6","5,045.2","332.92K","-0.27%"
"19/07/2021","5,109.0","5,150.0","5,179.0","5,059.8","545.85K","-0.80%"
"16/07/2021","5,150.0","5,188.0","5,235.0","5,137.8","345.08K","-0.73%"
"15/07/2021","5,188.0","5,176.8","5,238.8","5,140.0","313.64K","0.20%"
"14/07/2021","5,177.8","5,240.2","5,278.8","5,172.2","382.86K","-1.50%"
"13/07/2021","5,256.8","5,275.0","5,298.0","5,206.2","374.36K","-0.46%"
"12/07/2021","5,281.0","5,250.2","5,296.8","5,208.8","349.94K","0.86%"
"09/07/2021","5,235.8","5,371.0","5,371.0","5,151.0","625.38K","-2.21%"
"08/07/2021","5,354.2","5,340.0","5,379.8","5,216.0","619.53K","0.24%"
"07/07/2021","5,341.4","5,248.0","5,410.0","5,235.6","1.00M","1.79%"
"06/07/2021","5,247.4","5,205.0","5,262.4","5,163.0","476.79K","0.67%"
"05/07/2021","5,212.4","5,239.0","5,239.0","5,191.2","192.21K","-0.07%"
"02/07/2021","5,216.0","5,140.6","5,229.8","5,127.6","339.36K","0.92%"
"01/07/2021","5,168.6","5,180.0","5,199.0","5,089.4","380.96K","-0.15%"
"30/06/2021","5,176.6","5,071.0","5,199.0","5,071.0","861.12K","1.81%"
"29/06/2021","5,084.6","5,100.0","5,119.8","5,027.0","486.82K","-0.30%"
"28/06/2021","5,099.8","5,088.0","5,155.0","5,064.0","337.76K","0.23%"
"25/06/2021","5,088.0","5,050.0","5,103.0","5,020.6","363.61K","1.09%"
"24/06/2021","5,033.0","5,050.6","5,070.0","5,007.0","375.93K","-0.14%"
"23/06/2021","5,040.0","5,008.8","5,046.4","4,985.0","320.10K","0.66%"
"22/06/2021","5,007.0","5,008.4","5,036.0","4,982.0","367.40K","-0.03%"
"21/06/2021","5,008.4","5,047.4","5,123.0","5,002.0","492.24K","-0.76%"
"18/06/2021","5,047.0","5,020.2","5,110.0","4,951.6","868.60K","0.11%"
"17/06/2021","5,041.4","4,950.4","5,063.0","4,928.2","642.80K","1.58%"
"16/06/2021","4,962.8","4,932.8","4,993.0","4,899.0","534.85K","0.77%"
"15/06/2021","4,925.0","5,089.0","5,089.0","4,910.2","559.26K","-3.24%"
"14/06/2021","5,090.0","5,070.2","5,096.4","5,037.2","214.83K","0.66%"
"11/06/2021","5,056.8","5,020.0","5,093.2","4,975.6","871.89K","1.02%"
"10/06/2021","5,005.8","4,972.8","5,025.0","4,930.0","510.65K","0.66%"
"09/06/2021","4,973.0","4,892.0","5,020.0","4,865.2","843.31K","1.71%"
"08/06/2021","4,889.6","4,922.4","4,935.2","4,871.8","429.53K","-0.44%"
"07/06/2021","4,911.4","4,924.0","4,928.2","4,865.0","322.09K","-0.24%"
"04/06/2021","4,923.4","4,919.0","4,935.4","4,861.2","534.92K","0.44%"
"03/06/2021","4,901.8","4,975.0","4,994.0","4,886.6","454.19K","-0.93%"
"02/06/2021","4,948.0","4,933.0","4,988.0","4,895.0","680.11K","0.30%"
"01/06/2021","4,933.0","4,954.0","5,030.0","4,890.0","581.86K","-0.18%"
"31/05/2021","4,942.0","4,977.0","4,998.8","4,916.2","231.56K","-0.06%"
"28/05/2021","4,945.0","4,980.8","5,012.6","4,920.2","363.85K","-0.35%"
"27/05/2021","4,962.2","4,995.4","5,020.0","4,930.0","1.12M","-0.66%"
"26/05/2021","4,995.4","4,905.4","5,005.0","4,898.4","728.71K","1.99%"
"25/05/2021","4,897.8","4,890.0","4,928.8","4,881.2","489.86K","0.12%"
"24/05/2021","4,891.8","4,790.0","4,900.0","4,741.2","785.79K","2.61%"
"21/05/2021","4,767.2","4,740.2","4,796.6","4,692.0","636.09K","0.35%"
"20/05/2021","4,750.8","4,745.2","4,762.0","4,666.0","549.43K","0.19%"
"19/05/2021","4,741.6","4,759.8","4,759.8","4,653.0","595.52K","0.03%"
"18/05/2021","4,740.0","4,730.0","4,814.6","4,700.0","969.07K","0.76%"
"17/05/2021","4,704.2","4,686.0","4,706.6","4,609.2","537.82K","0.37%"
"14/05/2021","4,687.0","4,650.0","4,699.2","4,615.6","504.12K","1.05%"
"13/05/2021","4,638.4","4,600.0","4,659.8","4,574.0","837.17K","0.81%"
"12/05/2021","4,601.0","4,678.0","4,731.4","4,581.4","964.74K","-1.65%"
"11/05/2021","4,678.0","4,677.0","4,698.0","4,570.8","1.21M","-0.53%"
"10/05/2021","4,702.8","4,824.0","4,836.8","4,690.0","679.64K","-2.67%"
"07/05/2021","4,831.6","4,840.0","4,859.0","4,785.0","515.20K","0.06%"
"06/05/2021","4,828.6","4,848.8","4,909.0","4,751.2","771.88K","-0.74%"
"05/05/2021","4,864.4","4,827.2","4,924.8","4,815.2","698.85K","1.30%"
"04/05/2021","4,802.2","4,913.8","4,948.0","4,742.0","989.90K","-2.69%"
"30/04/2021","4,934.8","5,026.8","5,048.0","4,887.2","1.32M","-2.09%"
"29/04/2021","5,040.0","4,851.0","5,054.8","4,834.0","1.77M","4.24%"
"28/04/2021","4,834.8","4,732.0","4,857.8","4,676.2","2.01M","2.17%"
"27/04/2021","4,732.0","4,707.0","4,776.0","4,671.0","994.40K","0.60%"
"26/04/2021","4,703.6","4,570.2","4,721.0","4,558.8","1.11M","2.92%"
"23/04/2021","4,570.2","4,624.8","4,624.8","4,521.4","831.85K","-0.76%"
"22/04/2021","4,605.0","4,642.0","4,687.0","4,590.0","851.86K","-0.93%"
"21/04/2021","4,648.0","4,679.0","4,679.0","4,631.4","423.74K","-0.38%"
"20/04/2021","4,665.6","4,679.4","4,707.0","4,621.0","797.70K","0.04%"
"19/04/2021","4,663.8","4,695.0","4,743.4","4,650.0","953.98K","-0.56%"
"16/04/2021","4,690.0","4,682.2","4,697.0","4,650.6","554.05K","0.26%"
"15/04/2021","4,677.8","4,635.0","4,697.4","4,617.0","990.28K","0.36%"
"14/04/2021","4,661.0","4,631.6","4,721.4","4,576.2","2.83M","1.33%"
"13/04/2021","4,600.0","4,865.0","4,882.0","4,510.0","3.82M","-5.25%"
"12/04/2021","4,854.8","4,806.0","4,907.0","4,777.2","627.58K","0.87%"
"09/04/2021","4,813.0","4,885.0","4,891.4","4,794.0","469.51K","-1.53%"
"08/04/2021","4,888.0","4,872.4","4,958.0","4,850.0","701.15K","0.88%"
"07/04/2021","4,845.2","4,962.4","4,979.8","4,822.0","667.10K","-2.35%"
"06/04/2021","4,961.8","4,934.6","4,991.6","4,917.8","692.23K","0.44%"
"05/04/2021","4,940.0","4,935.2","4,958.4","4,884.0","409.41K","0.10%"
"02/04/2021","4,935.0","4,960.0","4,960.0","4,890.0","294.63K","-0.29%"
"01/04/2021","4,949.2","4,886.0","4,962.8","4,868.0","833.32K","1.86%"
"31/03/2021","4,859.0","4,807.0","4,915.0","4,725.0","1.12M","1.48%"
"30/03/2021","4,788.0","4,813.4","4,818.6","4,721.0","715.67K","-0.87%"
"29/03/2021","4,830.0","4,784.8","4,835.0","4,735.0","620.51K","0.94%"
"26/03/2021","4,785.0","4,765.0","4,833.8","4,700.2","799.22K","0.93%"
"25/03/2021","4,741.0","4,855.0","4,878.8","4,683.0","1.12M","-2.25%"
"24/03/2021","4,850.0","4,909.2","4,977.2","4,825.0","845.69K","-1.14%"
"23/03/2021","4,906.0","4,890.6","4,953.6","4,853.8","670.15K","0.31%"
"22/03/2021","4,891.0","4,891.0","4,954.6","4,875.0","539.54K","0.23%"
"19/03/2021","4,880.0","4,872.0","4,954.8","4,812.6","1.16M","0.45%"
"18/03/2021","4,858.0","5,074.8","5,120.0","4,826.2","1.79M","-3.57%"
"17/03/2021","5,037.6","5,136.0","5,150.0","4,955.0","1.87M","-2.41%"
"16/03/2021","5,161.8","5,049.2","5,177.8","4,957.0","1.55M","2.44%"
"15/03/2021","5,039.0","4,971.0","5,063.8","4,932.0","1.14M","1.58%"
"12/03/2021","4,960.4","4,858.8","4,963.6","4,816.0","758.28K","1.44%"
"11/03/2021","4,889.8","4,716.0","4,898.0","4,713.6","941.72K","4.22%"
"10/03/2021","4,692.0","4,725.0","4,831.2","4,652.8","1.12M","-0.33%"
"09/03/2021","4,707.6","4,590.0","4,769.2","4,575.0","1.51M","-0.32%"
"05/03/2021","4,722.8","4,729.8","4,819.8","4,626.8","1.44M","0.10%"
"04/03/2021","4,718.2","4,908.0","4,953.0","4,662.4","1.34M","-3.52%"
"03/03/2021","4,890.2","5,050.2","5,133.0","4,875.0","1.02M","-2.72%"
"02/03/2021","5,027.0","4,962.2","5,068.6","4,960.0","684.76K","0.45%"
"01/03/2021","5,004.6","4,860.0","5,009.2","4,820.2","1.09M","3.98%"
"26/02/2021","4,813.2","4,851.0","4,875.8","4,762.0","1.44M","-0.91%"
"25/02/2021","4,857.4","4,948.0","4,975.0","4,821.0","907.42K","-1.44%"
"24/02/2021","4,928.2","4,962.2","5,032.0","4,901.2","1.00M","0.21%"
"22/02/2021","4,918.0","5,024.4","5,048.8","4,902.2","909.14K","-2.88%"
"20/02/2021","5,064.0","5,053.4","5,067.6","5,007.0","201.59K","1.18%"
"19/02/2021","5,005.0","5,037.4","5,142.0","4,951.2","1.45M","-0.06%"
"18/02/2021","5,007.8","5,205.0","5,207.0","5,005.4","1.18M","-3.45%"
"17/02/2021","5,187.0","5,348.0","5,362.8","5,100.2","1.37M","-3.01%"
"16/02/2021","5,348.0","5,483.8","5,517.2","5,325.4","1.16M","-2.37%"
"15/02/2021","5,478.0","5,460.0","5,549.6","5,404.0","576.53K","0.55%"
"12/02/2021","5,448.0","5,374.6","5,459.2","5,265.0","1.04M","1.61%"
"11/02/2021","5,361.6","5,310.0","5,394.0","5,229.6","912.53K","1.05%"
"10/02/2021","5,306.0","5,142.2","5,349.6","5,105.0","1.51M","3.09%"
"09/02/2021","5,147.2","5,061.0","5,170.0","4,995.2","787.38K","1.72%"
"08/02/2021","5,060.4","5,000.0","5,075.0","4,973.2","556.34K","1.75%"
"05/02/2021","4,973.6","4,990.2","5,024.6","4,913.0","587.10K","-0.86%"
"04/02/2021","5,016.6","4,934.6","5,018.6","4,903.4","686.79K","2.02%"
"03/02/2021","4,917.2","4,984.0","5,005.0","4,901.6","674.48K","-1.60%"
"02/02/2021","4,997.0","4,850.2","4,999.8","4,850.2","846.85K","3.09%"
"01/02/2021","4,847.4","4,786.4","4,857.8","4,728.6","574.36K","1.82%"
"29/01/2021","4,760.6","4,859.8","4,879.2","4,713.2","809.64K","-2.37%"
"28/01/2021","4,876.2","4,824.8","4,917.0","4,800.4","480.17K","0.99%"
"27/01/2021","4,828.4","4,909.2","4,937.0","4,775.4","1.03M","-1.43%"
"26/01/2021","4,898.2","4,941.8","4,984.0","4,884.6","1.03M","-0.07%"
"25/01/2021","4,901.8","5,039.8","5,089.0","4,860.4","1.25M","-2.27%"
"22/01/2021","5,015.8","5,028.6","5,098.8","5,010.0","577.59K","-1.05%"
"21/01/2021","5,069.0","5,130.2","5,167.0","5,006.2","1.03M","-1.95%"
"20/01/2021","5,170.0","5,019.0","5,178.0","4,985.0","819.82K","3.22%"
"19/01/2021","5,008.8","5,055.8","5,069.8","4,965.4","647.15K","-0.69%"
"18/01/2021","5,043.6","5,002.0","5,061.0","4,990.0","535.64K","0.91%"
"15/01/2021","4,998.0","5,070.0","5,128.0","4,988.8","796.91K","-1.56%"
"14/01/2021","5,077.4","5,098.0","5,132.4","5,006.0","740.66K","-0.05%"
"13/01/2021","5,079.8","5,159.2","5,198.6","5,053.0","555.19K","-0.82%"
"12/01/2021","5,121.8","5,222.2","5,270.0","5,100.2","626.67K","-1.77%"
"11/01/2021","5,214.2","5,257.4","5,303.0","5,200.4","797.51K","-0.76%"
"08/01/2021","5,254.2","5,230.0","5,323.4","5,220.0","892.39K","1.26%"
"06/01/2021","5,188.8","5,300.0","5,338.8","5,150.0","807.87K","-2.84%"
"05/01/2021","5,340.4","5,184.0","5,389.4","5,141.0","688.43K","2.99%"
"04/01/2021","5,185.2","5,187.8","5,235.0","5,113.0","574.36K","0.35%"