date,close,volume
2021-01-04,"5,185.2",574.36K
2021-01-05,"5,340.4",688.43K
2021-01-06,"5,188.8",807.87K
2021-01-08,"5,254.2",892.39K
2021-01-11,"5,214.2",797.51K
2021-01-12,"5,121.8",626.67K
2021-01-13,"5,079.8",555.19K
2021-01-14,"5,077.4",740.66K
2021-01-15,"4,998.0",796.91K
2021-01-18,"5,043.6",535.64K
2021-01-19,"5,008.8",647.15K
2021-01-20,"5,170.0",819.82K
2021-01-21,"5,069.0",1.03M
2021-01-22,"5,015.8",577.59K
2021-01-25,"4,901.8",1.25M
2021-01-26,"4,898.2",1.03M
2021-01-27,"4,828.4",1.03M
2021-01-28,"4,876.2",480.17K
2021-01-29,"4,760.6",809.64K
2021-02-01,"4,847.4",574.36K
2021-02-02,"4,997.0",846.85K
2021-02-03,"4,917.2",674.48K
2021-02-04,"5,016.6",686.79K
2021-02-05,"4,973.6",587.10K
2021-02-08,"5,060.4",556.34K
2021-02-09,"5,147.2",787.38K
2021-02-10,"5,306.0",1.51M
2021-02-11,"5,361.6",912.53K
2021-02-12,"5,448.0",1.04M
2021-02-15,"5,478.0",576.53K
2021-02-16,"5,348.0",1.16M
2021-02-17,"5,187.0",1.37M
2021-02-18,"5,007.8",1.18M
2021-02-19,"5,005.0",1.45M
2021-02-20,"5,064.0",201.59K
2021-02-22,"4,918.0",909.14K
2021-02-24,"4,928.2",1.00M
2021-02-25,"4,857.4",907.42K
2021-02-26,"4,813.2",1.44M
2021-03-01,"5,004.6",1.09M
2021-03-02,"5,027.0",684.76K
2021-03-03,"4,890.2",1.02M
2021-03-04,"4,718.2",1.34M
2021-03-05,"4,722.8",1.44M
2021-03-09,"4,707.6",1.51M
2021-03-10,"4,692.0",1.12M
2021-03-11,"4,889.8",941.72K
2021-03-12,"4,960.4",758.28K
2021-03-15,"5,039.0",1.14M
2021-03-16,"5,161.8",1.55M
2021-03-17,"5,037.6",1.87M
2021-03-18,"4,858.0",1.79M
2021-03-19,"4,880.0",1.16M
2021-03-22,"4,891.0",539.54K
2021-03-23,"4,906.0",670.15K
2021-03-24,"4,850.0",845.69K
2021-03-25,"4,741.0",1.12M
2021-03-26,"4,785.0",799.22K
2021-03-29,"4,830.0",620.51K
2021-03-30,"4,788.0",715.67K
2021-03-31,"4,859.0",1.12M
2021-04-01,"4,949.2",833.32K
2021-04-02,"4,935.0",294.63K
2021-04-05,"4,940.0",409.41K
2021-04-06,"4,961.8",692.23K
2021-04-07,"4,845.2",667.10K
2021-04-08,"4,888.0",701.15K
2021-04-09,"4,813.0",469.51K
2021-04-12,"4,854.8",627.58K
2021-04-13,"4,600.0",3.82M
2021-04-14,"4,661.0",2.83M
2021-04-15,"4,677.8",990.28K
2021-04-16,"4,690.0",554.05K
2021-04-19,"4,663.8",953.98K
2021-04-20,"4,665.6",797.70K
2021-04-21,"4,648.0",423.74K
2021-04-22,"4,605.0",851.86K
2021-04-23,"4,570.2",831.85K
2021-04-26,"4,703.6",1.11M
2021-04-27,"4,732.0",994.40K
2021-04-28,"4,834.8",2.01M
2021-04-29,"5,040.0",1.77M
2021-04-30,"4,934.8",1.32M
2021-05-04,"4,802.2",989.90K
2021-05-05,"4,864.4",698.85K
2021-05-06,"4,828.6",771.88K
2021-05-07,"4,831.6",515.20K
2021-05-10,"4,702.8",679.64K
2021-05-11,"4,678.0",1.21M
2021-05-12,"4,601.0",964.74K
2021-05-13,"4,638.4",837.17K
2021-05-14,"4,687.0",504.12K
2021-05-17,"4,704.2",537.82K
2021-05-18,"4,740.0",969.07K
2021-05-19,"4,741.6",595.52K
2021-05-20,"4,750.8",549.43K
2021-05-21,"4,767.2",636.09K
2021-05-24,"4,891.8",785.79K
2021-05-25,"4,897.8",489.86K
2021-05-26,"4,995.4",728.71K
2021-05-27,"4,962.2",1.12M
2021-05-28,"4,945.0",363.85K
2021-05-31,"4,942.0",231.56K
2021-06-01,"4,933.0",581.86K
2021-06-02,"4,948.0",680.11K
2021-06-03,"4,901.8",454.19K
2021-06-04,"4,923.4",534.92K
2021-06-07,"4,911.4",322.09K
2021-06-08,"4,889.6",429.53K
2021-06-09,"4,973.0",843.31K
2021-06-10,"5,005.8",510.65K
2021-06-11,"5,056.8",871.89K
2021-06-14,"5,090.0",214.83K
2021-06-15,"4,925.0",559.26K
2021-06-16,"4,962.8",534.85K
2021-06-17,"5,041.4",642.80K
2021-06-18,"5,047.0",868.60K
2021-06-21,"5,008.4",492.24K
2021-06-22,"5,007.0",367.40K
2021-06-23,"5,040.0",320.10K
2021-06-24,"5,033.0",375.93K
2021-06-25,"5,088.0",363.61K
2021-06-28,"5,099.8",337.76K
2021-06-29,"5,084.6",486.82K
2021-06-30,"5,176.6",861.12K
2021-07-01,"5,168.6",380.96K
2021-07-02,"5,216.0",339.36K
2021-07-05,"5,212.4",192.21K
2021-07-06,"5,247.4",476.79K
2021-07-07,"5,341.4",1.00M
2021-07-08,"5,354.2",619.53K
2021-07-09,"5,235.8",625.38K
2021-07-12,"5,281.0",349.94K
2021-07-13,"5,256.8",374.36K
2021-07-14,"5,177.8",382.86K
2021-07-15,"5,188.0",313.64K
2021-07-16,"5,150.0",345.08K
2021-07-19,"5,109.0",545.85K
2021-07-20,"5,095.4",332.92K
2021-07-21,"5,151.2",260.07K
2021-07-22,"5,165.8",381.26K
2021-07-23,"5,196.4",304.41K
2021-07-26,"5,155.2",669.65K
2021-07-27,"5,035.2",740.15K
2021-07-28,"5,076.8",695.68K
2021-07-29,"5,034.6",505.88K
2021-07-30,"4,970.4",955.25K
2021-08-02,"4,938.0",353.81K
2021-08-03,"4,934.0",445.19K
2021-08-04,"4,989.6",479.60K
2021-08-05,"4,995.0",377.02K
2021-08-06,"4,971.2",393.79K
2021-08-09,"4,971.0",268.76K
2021-08-10,"4,966.2",276.42K
2021-08-11,"5,036.4",453.41K
2021-08-12,"4,984.4",370.18K
2021-08-13,"4,975.0",214.78K
2021-08-16,"5,093.0",582.13K
2021-08-17,"5,065.2",538.03K
2021-08-18,"5,055.2",295.03K
2021-08-19,"5,065.6",506.13K
2021-08-20,"5,061.0",287.27K
2021-08-23,"5,104.0",304.46K
2021-08-24,"5,159.0",372.51K
2021-08-25,"5,129.6",248.44K
2021-08-26,"5,219.0",399.22K
2021-08-27,"5,308.0",594.23K
2021-08-30,"5,352.4",570.61K
2021-08-31,"5,615.0",1.52M
2021-09-01,"5,699.6",1.06M
2021-09-02,"5,636.4",710.45K
2021-09-03,"5,732.6",525.49K
2021-09-06,"5,804.0",382.78K
2021-09-07,"5,690.8",618.95K
2021-09-08,"5,712.6",543.56K
2021-09-09,"5,735.0",411.47K
2021-09-10,"5,868.4",450.41K
2021-09-13,"5,939.2",517.43K
2021-09-14,"5,973.0",533.97K
2021-09-15,"5,892.0",504.50K
2021-09-16,"5,872.0",659.65K
2021-09-17,"5,828.4",543.40K
2021-09-20,"5,785.0",494.75K
2021-09-21,"5,771.8",379.84K
2021-09-22,"5,755.0",382.83K
2021-09-23,"5,885.0",354.54K
2021-09-24,"5,850.4",272.78K
2021-09-27,"5,949.2",694.58K
2021-09-28,"5,788.0",509.47K
2021-09-29,"5,762.4",351.70K
2021-09-30,"5,804.6",501.15K
2021-10-01,"5,766.4",334.12K
2021-10-04,"5,504.0",937.34K
2021-10-05,"5,594.2",932.26K
2021-10-06,"5,694.2",765.04K
2021-10-07,"5,705.2",756.52K
2021-10-08,"5,701.6",498.07K
2021-10-11,"5,622.2",446.34K
2021-10-12,"5,549.0",491.85K
2021-10-13,"5,553.8",483.99K
2021-10-14,"5,518.0",578.24K
2021-10-15,"5,427.2",591.16K
2021-10-18,"5,488.8",349.72K
2021-10-19,"5,480.0",498.59K
2021-10-20,"5,420.2",414.09K
2021-10-21,"5,390.0",364.88K
2021-10-22,"5,325.8",445.07K
2021-10-25,"5,383.0",429.57K
2021-10-26,"5,309.6",441.08K
2021-10-27,"5,573.8",1.33M
2021-10-28,"5,823.0",1.47M
2021-10-29,"5,879.2",1.10M
2021-11-01,"5,890.0",575.55K
2021-11-02,"5,942.4",434.45K
2021-11-03,"6,027.0",552.13K
2021-11-05,"6,120.0",794.84K
2021-11-08,"6,161.0",626.07K
2021-11-09,"5,990.4",475.17K
2021-11-10,"5,857.8",554.65K
2021-11-11,"5,966.6",457.51K
2021-11-12,"5,970.2",870.73K
2021-11-15,"5,928.4",498.50K
2021-11-16,"5,936.4",391.61K
2021-11-17,"5,931.6",317.22K
2021-11-18,"5,993.8",323.15K
2021-11-19,"5,968.8",668.26K
2021-11-22,"5,450.0",2.34M
2021-11-23,"5,571.0",1.53M
2021-11-24,"5,542.2",1.01M
2021-11-25,"5,552.8",339.37K
2021-11-26,"5,380.0",1.25M
2021-11-29,"5,407.0",1.15M
2021-11-30,"5,359.4",1.63M
2021-12-01,"5,330.8",617.16K
2021-12-02,"5,255.0",955.37K
2021-12-03,"5,100.6",880.16K
2021-12-06,"5,068.0",820.38K
2021-12-07,"4,992.0",978.82K
2021-12-08,"4,932.2",1.05M
2021-12-09,"4,853.6",897.65K
2021-12-10,"4,664.0",1.10M
2021-12-13,"4,560.0",1.41M
2021-12-14,"4,586.4",1.15M
2021-12-15,"4,511.6",826.88K
2021-12-16,"4,609.6",1.82M
2021-12-17,"4,630.2",1.11M
2021-12-20,"4,474.8",772.84K
2021-12-21,"4,578.8",630.01K
2021-12-22,"4,488.4",916.73K
2021-12-23,"4,410.6",801.73K
2021-12-24,"4,424.8",553.63K
2021-12-27,"4,467.8",597.51K
2021-12-28,"4,482.0",698.08K
2021-12-29,"4,418.8",887.14K
2021-12-30,"4,569.4",755.80K
2022-01-03,"4,515.2",848.84K
2022-01-04,"4,479.8",906.79K
2022-01-05,"4,275.0",990.79K
2022-01-06,"4,226.6",1.18M
2022-01-10,"4,196.4",1.49M
2022-01-11,"4,338.2",1.68M
2022-01-12,"4,393.2",1.49M
2022-01-13,"4,168.0",1.98M
2022-01-14,"3,938.6",3.33M
2022-01-17,"4,075.6",1.91M
2022-01-18,"3,769.0",2.67M
2022-01-19,"3,701.8",3.63M
2022-01-20,"3,669.2",2.68M
2022-01-21,"3,490.0",2.99M
2022-01-24,"3,345.0",4.85M
2022-01-25,"3,409.2",3.46M
2022-01-26,"3,364.8",3.25M
2022-01-27,"3,405.2",4.04M
2022-01-28,"3,448.4",3.40M
2022-01-31,"3,717.6",2.66M
2022-02-01,"3,724.0",3.35M
2022-02-02,"3,675.0",2.71M
2022-02-03,"3,517.0",2.42M
2022-02-04,"3,502.4",2.12M
2022-02-07,"3,468.0",1.25M
2022-02-08,"3,624.2",1.92M
2022-02-09,"3,763.0",2.12M
2022-02-10,"3,805.0",2.90M
2022-02-11,"3,429.8",3.93M
2022-02-14,"3,471.4",4.80M
2022-02-15,"3,953.2",7.83M
2022-02-16,"4,044.8",5.89M
2022-02-17,"3,772.6",4.48M
2022-02-18,"3,475.4",5.00M
2022-02-21,"3,065.8",10.65M
2022-02-22,"3,154.8",10.24M
2022-02-24,"1,990.0",9.02M
2022-02-25,"1,931.2",5.76M
2022-03-29,"2,020.0",2.59M
2022-03-30,"2,154.0",1.78M
2022-03-31,"2,259.0",1.68M
2022-04-01,"2,325.0",2.15M
2022-04-04,"2,285.0",1.78M
2022-04-05,"2,158.4",1.73M
2022-04-06,"2,070.8",1.40M
2022-04-07,"2,130.0",1.41M
2022-04-08,"2,115.0",626.34K
2022-04-11,"2,097.0",429.68K
2022-04-12,"2,074.0",472.51K
2022-04-13,"2,088.0",244.64K
2022-04-14,"1,945.2",511.34K
2022-04-15,"1,979.6",343.21K
2022-04-18,"1,880.2",419.97K
2022-04-19,"1,857.6",784.35K
2022-04-20,"1,789.8",781.64K
2022-04-21,"1,646.0",970.85K
2022-04-22,"1,692.0",1.14M
2022-04-25,"1,520.8",818.75K
2022-04-26,"1,600.8",981.42K
2022-04-27,"1,748.6",915.37K
2022-04-28,"1,721.0",1.23M
2022-04-29,"1,766.6",395.09K
2022-05-04,"1,699.0",368.60K
2022-05-05,"1,734.4",187.67K
2022-05-06,"1,688.0",200.40K
2022-05-11,"1,677.4",255.65K
2022-05-12,"1,594.0",259.93K
2022-05-13,"1,593.0",121.15K
2022-05-16,"1,638.2",266.04K
2022-05-17,"1,701.0",204.92K
2022-05-18,"1,715.8",321.63K
2022-05-19,"1,705.0",203.90K
2022-05-20,"1,646.0",261.10K
2022-05-23,"1,592.8",199.41K
2022-05-24,"1,590.0",197.07K
2022-05-25,"1,608.0",187.77K
2022-05-26,"1,670.0",461.18K
2022-05-27,"1,644.0",221.09K
2022-05-30,"1,597.6",214.29K
2022-05-31,"1,567.8",152.00K
2022-06-01,"1,586.0",226.67K
2022-06-02,"1,592.0",204.05K
2022-06-03,"1,497.0",1.37M
2022-06-06,"1,399.8",904.10K
2022-06-07,"1,438.0",760.61K
2022-06-08,"1,456.2",370.12K
2022-06-09,"1,401.4",379.50K
2022-06-10,"1,400.8",492.97K
2022-06-14,"1,386.0",324.92K
2022-06-15,"1,390.0",239.64K
2022-06-16,"1,456.2",474.18K
2022-06-17,"1,465.0",454.57K
2022-06-20,"1,560.8",570.14K
2022-06-21,"1,533.8",592.52K
2022-06-22,"1,600.0",331.68K
2022-06-23,"1,662.0",460.81K
2022-06-24,"1,645.0",246.01K
2022-06-27,"1,779.0",523.23K
2022-06-28,"1,750.0",396.26K
2022-06-29,"1,712.0",310.18K
2022-06-30,"1,603.8",490.00K
2022-07-01,"1,596.0",215.29K
2022-07-04,"1,660.0",317.03K
2022-07-05,"1,701.4",358.31K
2022-07-06,"1,655.0",400.94K
2022-07-07,"1,711.0",418.76K
2022-07-08,"1,704.0",262.13K
2022-07-11,"1,678.0",360.34K
2022-07-12,"1,660.6",409.97K
2022-07-13,"1,600.0",239.33K
2022-07-14,"1,613.6",304.54K
2022-07-15,"1,638.6",225.79K
2022-07-18,"1,696.0",436.69K
2022-07-19,"1,672.4",314.10K
2022-07-20,"1,715.4",439.31K
2022-07-21,"1,701.0",216.73K
2022-07-22,"1,800.0",607.01K
2022-07-25,"1,973.0",1.21M
2022-07-26,"2,136.0",2.86M
2022-07-27,"2,072.0",1.81M
2022-07-28,"2,063.0",570.96K
2022-07-29,"1,952.0",1.29M
2022-08-01,"1,926.2",981.25K
2022-08-02,"1,891.2",643.45K
2022-08-03,"1,956.0",710.25K
2022-08-04,"2,000.0",707.57K
2022-08-05,"1,837.0",1.36M
2022-08-08,"1,933.0",921.07K
2022-08-09,"1,944.4",429.52K
2022-08-10,"1,971.8",393.81K
2022-08-11,"1,915.6",571.32K
2022-08-12,"1,903.0",509.68K
2022-08-15,"1,904.0",350.69K
2022-08-16,"1,935.0",226.93K
2022-08-17,"1,958.0",317.21K
2022-08-18,"1,966.0",208.42K
2022-08-19,"1,936.6",191.73K
2022-08-22,"2,006.0",578.82K
2022-08-23,"2,082.2",757.78K
2022-08-24,"2,085.2",536.35K
2022-08-25,"2,118.8",425.45K
2022-08-26,"2,100.0",310.17K
2022-08-29,"2,105.0",282.67K
2022-08-30,"2,190.0",1.02M
2022-08-31,"2,170.6",695.21K
2022-09-01,"2,178.0",301.05K
2022-09-02,"2,150.0",424.21K
2022-09-05,"2,155.0",211.32K
2022-09-06,"2,070.0",856.70K
2022-09-07,"2,076.0",386.74K
2022-09-08,"2,064.0",304.25K
2022-09-09,"2,093.0",243.67K
2022-09-12,"2,148.6",798.46K
2022-09-13,"2,191.4",787.67K
2022-09-14,"2,167.4",522.54K
2022-09-15,"2,177.6",421.39K
2022-09-16,"2,206.0",781.49K
2022-09-19,"2,230.0",513.65K
2022-09-20,"2,010.0",3.60M
2022-09-21,"1,899.4",2.23M
2022-09-22,"1,916.8",978.68K
2022-09-23,"1,791.8",1.52M
2022-09-26,"1,543.0",2.24M
2022-09-27,"1,713.2",1.71M
2022-09-28,"1,780.0",1.81M
2022-09-29,"1,840.6",1.82M
2022-09-30,"1,877.6",2.26M
2022-10-03,"1,959.0",937.16K
2022-10-04,"1,985.0",1.25M
2022-10-05,"2,029.8",1.99M
2022-10-06,"2,004.4",893.39K
2022-10-07,"1,930.2",932.73K
2022-10-10,"1,998.0",1.43M
2022-10-11,"2,006.6",849.35K
2022-10-12,"2,044.0",837.65K
2022-10-13,"2,032.0",1.08M
2022-10-14,"1,991.0",867.57K
2022-10-17,"2,022.2",475.37K
2022-10-18,"1,968.0",610.81K
2022-10-19,"1,927.4",1.43M
2022-10-20,"1,928.8",540.15K
2022-10-21,"1,976.0",446.82K
2022-10-24,"1,973.4",353.62K
2022-10-25,"2,020.2",471.86K
2022-10-26,"2,008.0",463.94K
2022-10-27,"2,021.0",415.44K
2022-10-28,"2,021.8",473.01K
2022-10-31,"2,109.0",804.93K
2022-11-01,"2,157.0",749.91K
2022-11-02,"2,110.0",575.12K
2022-11-03,"2,119.0",805.08K
2022-11-07,"2,151.6",576.83K
2022-11-08,"2,127.6",343.98K
2022-11-09,"2,060.4",607.69K
2022-11-10,"2,111.6",492.25K
2022-11-11,"2,122.2",328.60K
2022-11-14,"2,132.4",318.11K
2022-11-15,"2,071.6",1.06M
2022-11-16,"2,114.2",327.22K
2022-11-17,"2,097.8",185.22K
2022-11-18,"2,098.2",232.00K
2022-11-21,"2,068.0",378.46K
2022-11-22,"2,083.8",202.49K
2022-11-23,"2,135.0",669.57K
2022-11-24,"2,130.0",346.23K
2022-11-25,"2,020.4",1.93M
2022-11-28,"1,914.2",2.25M
2022-11-29,"1,986.2",1.18M
2022-11-30,"1,996.6",763.50K
2022-12-01,"1,980.2",412.84K
2022-12-02,"1,971.2",268.38K
2022-12-05,"1,985.8",601.60K
2022-12-06,"1,989.4",367.31K
2022-12-07,"1,976.4",218.53K
2022-12-08,"1,958.4",312.45K
2022-12-09,"1,949.4",193.63K
2022-12-12,"1,921.8",279.45K
2022-12-13,"1,899.2",489.65K
2022-12-14,"1,851.0",749.29K
2022-12-15,"1,849.6",567.68K
2022-12-16,"1,836.4",255.84K
2022-12-19,"1,768.8",583.81K
2022-12-20,"1,842.0",510.00K
2022-12-21,"1,833.8",522.60K
2022-12-22,"1,847.0",425.06K
2022-12-23,"1,821.2",401.52K
2022-12-26,"1,811.4",393.80K
2022-12-27,"1,834.0",356.24K
2022-12-28,"1,815.8",349.57K
2022-12-29,"1,819.6",233.79K
2022-12-30,"1,817.8",370.92K
2023-01-03,"1,832.0",210.14K
2023-01-04,"1,867.0",221.87K
2023-01-05,"1,855.4",156.87K
2023-01-06,"1,850.4",74.73K
2023-01-09,"1,866.8",216.52K
2023-01-10,"1,870.0",195.54K
2023-01-11,"1,909.0",307.07K
2023-01-12,"1,897.8",203.03K
2023-01-13,"1,912.0",208.34K
2023-01-16,"1,953.8",314.69K
2023-01-17,"1,889.6",533.20K
2023-01-18,"1,906.6",408.58K
2023-01-19,"1,882.4",196.33K
2023-01-20,"1,904.8",308.45K
2023-01-23,"1,945.0",338.80K
2023-01-24,"1,919.8",422.88K
2023-01-25,"1,914.8",237.59K
2023-01-26,"1,902.8",250.60K
2023-01-27,"1,912.0",154.61K
2023-01-30,"1,934.0",188.92K
2023-01-31,"2,047.2",1.19M
2023-02-01,"2,088.0",1.73M
2023-02-02,"2,075.0",420.35K
2023-02-03,"2,055.8",538.46K
2023-02-06,"2,094.6",764.67K
2023-02-07,"2,076.6",442.89K
2023-02-08,"2,060.2",421.58K
2023-02-09,"2,040.4",246.71K
2023-02-10,"2,060.8",322.54K
2023-02-13,"2,065.2",399.73K
2023-02-14,"2,028.6",796.13K
2023-02-15,"1,969.2",1.84M
2023-02-16,"1,976.4",626.50K
2023-02-17,"1,971.0",332.34K
2023-02-20,"1,958.0",449.06K
2023-02-21,"1,993.8",821.23K
2023-02-22,"1,980.4",242.29K
2023-02-24,"1,986.6",144.99K
2023-02-27,"2,007.4",669.64K
2023-02-28,"2,015.0",354.00K
2023-03-01,"2,033.8",343.55K
2023-03-02,"1,970.8",1.22M
2023-03-03,"1,984.2",355.87K
2023-03-06,"1,973.0",591.45K
2023-03-07,"1,961.8",338.37K
2023-03-09,"1,942.0",465.67K
2023-03-10,"1,917.0",481.03K
2023-03-13,"1,907.4",680.35K
2023-03-14,"1,901.2",384.09K
2023-03-15,"1,864.2",544.15K
2023-03-16,"1,851.0",1.27M
2023-03-17,"1,898.0",674.29K
2023-03-20,"1,910.0",666.19K
2023-03-21,"1,887.6",464.58K
2023-03-22,"1,887.8",368.75K
2023-03-23,"1,902.0",264.22K
2023-03-24,"1,886.4",183.60K
2023-03-27,"1,919.6",370.71K
2023-03-28,"1,929.6",353.81K
2023-03-29,"1,919.6",271.67K
2023-03-30,"1,917.4",230.39K
2023-03-31,"1,901.6",304.84K
2023-04-03,"1,913.0",225.47K
2023-04-04,"1,905.0",345.79K
2023-04-05,"1,907.2",201.80K
2023-04-06,"1,912.8",422.19K
2023-04-07,"1,919.8",196.36K
2023-04-10,"1,993.0",1.39M
2023-04-11,"1,952.2",1.08M
2023-04-12,"1,953.6",309.95K
2023-04-13,"1,954.0",243.76K
2023-04-14,"1,945.0",178.52K
2023-04-17,"1,964.8",334.70K
2023-04-18,"1,981.4",422.96K
2023-04-19,"1,989.6",1.01M
2023-04-20,"2,098.6",1.93M
2023-04-21,"2,086.8",1.23M
2023-04-24,"2,080.0",506.60K
2023-04-25,"2,059.4",408.51K
2023-04-26,"2,113.0",1.09M
2023-04-27,"2,101.6",1.69M
2023-04-28,"2,070.6",626.66K
2023-05-02,"2,015.0",1.01M
2023-05-03,"1,930.4",1.08M
2023-05-04,"1,979.6",712.32K
2023-05-05,"1,948.0",426.61K
2023-05-08,"1,943.0",166.17K
2023-05-10,"2,008.8",657.35K
2023-05-11,"2,007.2",1.24M
2023-05-12,"2,012.0",355.08K
2023-05-15,"2,049.6",414.17K
2023-05-16,"2,045.6",370.19K
2023-05-17,"2,058.0",453.02K
2023-05-18,"2,032.8",443.68K
2023-05-19,"2,223.2",6.56M
2023-05-22,"2,300.0",3.77M
2023-05-23,"2,242.8",1.43M
2023-05-24,"2,220.0",1.04M
2023-05-25,"2,350.0",3.41M
2023-05-26,"2,322.0",1.09M
2023-05-29,"2,390.0",1.49M
2023-05-30,"2,303.6",1.70M
2023-05-31,"2,324.2",1.04M
2023-06-01,"2,313.4",659.18K
2023-06-02,"2,343.6",557.31K
2023-06-05,"2,305.8",929.86K
2023-06-06,"2,323.2",685.50K
2023-06-07,"2,425.4",1.49M
2023-06-08,"2,520.0",2.59M
2023-06-09,"2,506.6",1.36M
2023-06-13,"2,566.8",947.74K
2023-06-14,"2,620.0",1.54M
2023-06-15,"2,600.0",1.33M
2023-06-16,"2,547.0",2.37M
2023-06-19,"2,510.4",1.03M
2023-06-20,"2,510.6",834.07K
2023-06-21,"2,529.6",508.84K
2023-06-22,"2,492.6",463.16K
2023-06-23,"2,393.4",1.87M
2023-06-26,"2,379.0",1.93M
2023-06-27,"2,431.4",961.89K
2023-06-28,"2,462.0",879.77K
2023-06-29,"2,468.6",498.11K
2023-06-30,"2,439.6",395.91K
2023-07-03,"2,402.8",683.15K
2023-07-04,"2,366.0",788.58K
2023-07-05,"2,403.6",479.32K
2023-07-06,"2,390.2",493.09K
2023-07-07,"2,365.6",713.31K
2023-07-10,"2,407.6",763.29K
2023-07-11,"2,462.0",777.46K
2023-07-12,"2,445.0",643.43K
2023-07-13,"2,464.6",673.64K
2023-07-14,"2,555.0",1.75M
2023-07-17,"2,538.4",1.40M
2023-07-18,"2,590.0",1.11M
2023-07-19,"2,571.6",951.27K
2023-07-20,"2,492.2",1.18M
2023-07-21,"2,532.0",672.09K
2023-07-24,"2,630.0",1.38M
2023-07-25,"2,642.6",1.33M
2023-07-26,"2,655.2",1.11M
2023-07-27,"2,630.0",1.78M
2023-07-28,"2,636.0",771.51K
2023-07-31,"2,635.0",1.02M
2023-08-01,"2,670.0",1.68M
2023-08-02,"2,709.4",1.65M
2023-08-03,"2,780.0",1.25M
2023-08-04,"2,731.0",3.36M
2023-08-07,"2,709.0",1.19M
2023-08-08,"2,728.6",1.05M
2023-08-09,"2,723.2",666.38K
2023-08-10,"2,718.0",2.10M
2023-08-11,"2,704.2",628.95K
2023-08-14,"2,610.0",1.38M
2023-08-15,"2,615.8",1.11M
2023-08-16,"2,570.6",1.59M
2023-08-17,"2,581.6",1.11M
2023-08-18,"2,602.2",819.58K
2023-08-21,"2,662.4",964.27K
2023-08-22,"2,710.8",1.03M
2023-08-23,"2,604.0",1.28M
2023-08-24,"2,648.4",468.08K
2023-08-25,"2,648.6",416.41K
2023-08-28,"2,670.0",563.68K
2023-08-29,"2,698.8",803.01K
2023-08-30,"2,668.2",572.95K
2023-08-31,"2,689.0",599.95K
2023-09-01,"2,690.2",418.29K
2023-09-04,"2,744.0",1.17M
2023-09-05,"2,726.6",588.47K
2023-09-06,"2,664.6",950.62K
2023-09-07,"2,585.6",1.56M
2023-09-08,"2,547.6",864.92K
2023-09-11,"2,488.8",1.19M
2023-09-12,"2,579.2",1.05M
2023-09-13,"2,550.8",1.04M
2023-09-14,"2,508.8",1.13M
2023-09-15,"2,568.0",630.96K
2023-09-18,"2,518.0",820.16K
2023-09-19,"2,442.2",1.28M
2023-09-20,"2,418.0",1.50M
2023-09-21,"2,355.4",1.15M
2023-09-22,"2,410.2",986.09K
2023-09-25,"2,391.0",543.85K
2023-09-26,"2,391.0",707.58K
2023-09-27,"2,453.8",997.25K
2023-09-28,"2,439.4",835.80K
2023-09-29,"2,402.2",898.92K
2023-10-02,"2,395.8",763.36K
2023-10-03,"2,386.8",658.79K
2023-10-04,"2,379.6",718.75K
2023-10-05,"2,480.0",2.26M
2023-10-06,"2,482.2",1.53M
2023-10-09,"2,477.4",511.22K
2023-10-10,"2,485.2",831.59K
2023-10-11,"2,444.0",646.51K
2023-10-12,"2,465.0",522.58K
2023-10-13,"2,512.6",1.24M
2023-10-16,"2,530.0",676.54K
2023-10-17,"2,527.4",536.97K
2023-10-18,"2,527.2",542.56K
2023-10-19,"2,660.6",3.28M
2023-10-20,"2,679.4",1.96M
2023-10-23,"2,677.2",979.39K
2023-10-24,"2,725.2",1.23M
2023-10-25,"2,737.0",1.01M
2023-10-26,"2,682.4",1.76M
2023-10-27,"2,666.6",2.31M
2023-10-30,"2,603.6",818.17K
2023-10-31,"2,612.0",1.05M
2023-11-01,"2,639.8",818.56K
2023-11-02,"2,625.6",643.11K
2023-11-03,"2,613.0",543.03K
2023-11-06,"2,638.0",300.34K
2023-11-07,"2,633.2",307.71K
2023-11-08,"2,614.8",596.37K
2023-11-09,"2,611.6",584.29K
2023-11-10,"2,598.8",346.45K
2023-11-13,"2,577.2",471.74K
2023-11-14,"2,600.0",2.31M
2023-11-15,"2,620.0",883.28K
2023-11-16,"2,569.0",1.16M
2023-11-17,"2,572.0",478.47K
2023-11-20,"2,573.4",573.76K
2023-11-21,"2,572.6",341.51K
2023-11-22,"2,573.4",486.33K
2023-11-23,"2,559.2",585.44K
2023-11-24,"2,594.6",1.01M
2023-11-27,"2,593.2",1.90M
2023-11-28,"2,602.6",809.72K
2023-11-29,"2,574.0",903.23K
2023-11-30,"2,523.4",1.10M
2023-12-01,"2,420.6",1.68M
2023-12-04,"2,397.8",1.24M
2023-12-05,"2,418.6",646.26K
2023-12-06,"2,320.6",1.30M
2023-12-07,"2,349.8",1.01M
2023-12-08,"2,337.6",696.95K
2023-12-11,"2,207.6",2.09M
2023-12-12,"2,257.0",1.88M
2023-12-13,"2,266.8",1.09M
2023-12-14,"2,157.6",1.56M
2023-12-15,"2,224.4",2.09M
2023-12-18,"2,250.4",1.39M
2023-12-19,"2,242.2",899.86K
2023-12-20,"2,288.8",2.25M
2023-12-21,"2,267.2",944.84K
2023-12-22,"2,295.8",802.70K
2023-12-25,"2,396.6",4.17M
2023-12-26,"2,427.6",1.54M
2023-12-27,"2,550.0",2.79M
2023-12-28,"2,531.2",2.11M
2023-12-29,"2,540.0",860.51K
2024-01-03,"2,581.0",427.50K
2024-01-04,"2,568.0",397.78K
2024-01-05,"2,576.8",264.68K
2024-01-08,"2,611.0",673.21K
2024-01-09,"2,607.0",628.30K
2024-01-10,"2,586.4",526.90K
2024-01-11,"2,605.0",551.08K
2024-01-12,"2,631.0",746.86K
2024-01-15,"2,690.2",1.01M
2024-01-16,"2,647.2",956.55K
2024-01-17,"2,652.4",494.22K
2024-01-18,"2,595.8",828.43K
2024-01-19,"2,569.8",806.52K
2024-01-22,"2,601.0",558.60K
2024-01-23,"2,635.4",1.66M
2024-01-24,"2,645.8",817.02K
2024-01-25,"2,779.0",2.80M
2024-01-26,"2,873.0",4.14M
2024-01-29,"2,995.0",3.23M
2024-01-30,"3,078.0",6.30M
2024-01-31,"3,026.0",2.39M
2024-02-01,"3,108.0",2.74M
2024-02-02,"3,163.0",3.02M
2024-02-05,"3,047.0",11.21M
2024-02-06,"3,108.6",3.49M
2024-02-07,"3,325.0",7.86M
2024-02-08,"3,306.2",9.58M
2024-02-09,"3,290.4",2.73M
2024-02-12,"3,304.6",1.66M
2024-02-13,"3,477.0",4.11M
2024-02-14,"3,439.4",3.43M
2024-02-15,"3,444.2",2.91M
2024-02-16,"3,417.0",2.46M
2024-02-19,"3,310.4",1.95M
2024-02-20,"3,314.6",2.71M
2024-02-21,"3,246.2",3.11M
2024-02-22,"3,241.8",1.40M
2024-02-26,"3,404.8",1.77M
2024-02-27,"3,365.8",1.09M
2024-02-28,"3,375.8",960.59K
2024-02-29,"3,383.0",630.60K
2024-03-01,"3,539.4",2.84M
2024-03-04,"3,700.6",4.33M
2024-03-05,"3,627.0",2.50M
2024-03-06,"3,577.8",1.38M
2024-03-07,"3,623.8",1.31M
2024-03-11,"3,544.4",2.83M
2024-03-12,"3,499.6",948.63K
2024-03-13,"3,588.6",1.75M
2024-03-14,"3,598.8",1.55M
2024-03-15,"3,635.6",1.78M
2024-03-18,"3,686.2",1.64M
2024-03-19,"3,797.0",4.11M
2024-03-20,"3,948.0",3.67M
2024-03-21,"3,882.0",3.39M
2024-03-22,"3,834.0",2.44M
2024-03-25,"4,024.6",1.94M
2024-03-26,"4,018.8",1.53M
2024-03-27,"4,007.2",729.55K
2024-03-28,"4,003.8",646.21K
2024-03-29,"3,994.0",648.80K
2024-04-01,"3,975.0",1.22M
2024-04-02,"3,868.0",4.57M
2024-04-03,"3,920.2",965.49K
2024-04-04,"3,960.0",718.89K
2024-04-05,"3,995.0",548.93K
2024-04-08,"3,959.0",1.45M
2024-04-09,"3,954.6",577.01K
2024-04-10,"3,980.0",536.92K
2024-04-11,"3,946.0",379.28K
2024-04-12,"3,990.0",412.04K
2024-04-15,"4,046.0",1.09M
2024-04-16,"4,049.6",386.49K
2024-04-17,"4,199.8",1.60M
2024-04-18,"4,193.0",720.87K
2024-04-19,"4,257.2",785.95K
2024-04-22,"4,290.2",2.29M
2024-04-23,"4,172.2",816.66K
2024-04-24,"4,111.8",904.37K
2024-04-25,"4,164.6",1.44M
2024-04-26,"4,231.6",1.02M
2024-04-27,"4,160.2",845.56K
2024-04-29,"4,173.4",305.27K
2024-04-30,"4,149.6",103.77K
2024-05-02,"4,177.0",384.28K
2024-05-03,"4,236.4",401.74K
2024-05-06,"4,274.0",536.76K
2024-05-07,"4,356.0",647.77K
2024-05-08,"4,310.0",632.38K
2024-05-10,"4,356.2",180.75K
2024-05-13,"4,407.0",4.62M
2024-05-14,"4,489.8",1.54M
2024-05-15,"4,355.2",1.24M
2024-05-16,"4,361.2",1.17M
2024-05-17,"4,271.0",842.30K
2024-05-20,"4,196.0",1.22M
2024-05-21,"4,106.4",1.01M
2024-05-22,"4,234.0",852.83K
2024-05-23,"4,206.4",463.12K
2024-05-24,"4,189.2",554.36K
2024-05-27,"4,084.0",758.78K
2024-05-28,"4,038.4",407.52K
2024-05-29,"4,051.0",237.95K
2024-05-30,"4,032.8",344.73K
2024-05-31,"3,996.8",471.74K
2024-06-03,"4,044.4",393.76K
2024-06-04,"4,177.8",357.73K
2024-06-05,"4,159.2",435.99K
2024-06-06,"4,204.2",261.28K
2024-06-07,"4,222.0",329.14K
2024-06-10,"4,125.6",297.38K
2024-06-11,"4,102.0",233.82K
2024-06-13,"4,048.0",362.75K
2024-06-14,"4,071.2",330.62K
2024-07-24,"4,148.5",5.30M
2024-07-25,"4,137.5",1.91M
2024-07-26,"3,962.5",4.19M
2024-07-29,"3,867.0",4.73M
2024-07-30,"3,910.0",4.07M
2024-07-31,"3,892.0",2.01M
2024-08-01,"3,871.5",1.23M
2024-08-02,"3,728.5",2.61M
2024-08-05,"3,585.0",3.84M
2024-08-06,"3,644.0",2.34M
2024-08-07,"3,854.0",4.36M
2024-08-08,"3,828.0",3.52M
2024-08-09,"3,854.5",1.12M
2024-08-12,"3,923.0",1.66M
2024-08-13,"3,911.0",1.12M
2024-08-14,"3,831.5",996.72K
2024-08-15,"3,828.0",1.13M
2024-08-16,"3,776.5",1.08M
2024-08-19,"3,725.5",1.91M
2024-08-20,"3,753.0",1.23M
2024-08-21,"3,836.5",1.34M
2024-08-22,"3,794.0",1.51M
2024-08-23,"3,807.0",1.39M
2024-08-26,"3,913.5",1.75M
2024-08-27,"3,844.0",910.37K
2024-08-28,"3,892.5",1.27M
2024-08-29,"3,926.0",1.11M
2024-08-30,"3,765.5",1.67M
2024-09-02,"3,620.5",2.47M
2024-09-03,"3,652.0",1.94M
2024-09-04,"3,737.0",1.03M
2024-09-05,"3,679.5",962.19K
2024-09-06,"3,715.0",677.79K
2024-09-09,"3,883.5",1.42M
2024-09-10,"3,825.0",1.12M
2024-09-11,"3,782.0",1.32M
2024-09-12,"3,828.5",1.16M
2024-09-13,"3,914.5",1.70M
2024-09-16,"4,119.0",3.00M
2024-09-17,"4,106.0",1.99M
2024-09-18,"4,031.0",1.03M
2024-09-19,"4,137.5",1.41M
2024-09-20,"4,100.0",1.22M
2024-09-23,"4,202.5",1.88M
2024-09-24,"4,160.0",910.74K
2024-09-25,"4,035.5",1.37M
2024-09-26,"4,001.5",1.12M
2024-09-27,"4,024.0",604.75K
2024-09-30,"4,007.5",712.98K
2024-10-01,"3,963.0",747.53K
2024-10-02,"3,907.5",692.60K
2024-10-03,"3,969.0",926.24K
2024-10-04,"3,945.5",594.34K
2024-10-07,"3,928.5",386.50K
2024-10-08,"3,982.5",729.55K
2024-10-09,"3,933.5",436.75K
2024-10-10,"3,979.5",389.31K
2024-10-11,"3,975.0",578.37K
2024-10-14,"4,074.0",1.11M
2024-10-15,"4,091.0",660.26K
2024-10-16,"4,057.0",659.15K
2024-10-17,"3,983.5",457.46K
2024-10-18,"3,968.5",497.74K
2024-10-21,"4,031.0",524.89K
2024-10-22,"3,964.5",434.14K
2024-10-23,"3,883.5",512.80K
2024-10-24,"3,969.5",603.03K
2024-10-25,"3,834.5",1.41M
2024-10-28,"3,743.0",1.58M
2024-10-29,"3,758.0",1.10M
2024-10-30,"3,710.0",730.83K
2024-10-31,"3,666.5",763.63K
2024-11-01,"3,674.0",797.60K
2024-11-02,"3,683.5",246.24K
2024-11-05,"3,646.0",658.67K
2024-11-06,"3,677.0",1.50M
2024-11-07,"3,811.5",1.06M
2024-11-08,"3,888.0",958.02K
2024-11-11,"3,885.0",912.79K
2024-11-12,"3,758.5",1.17M
2024-11-13,"3,693.0",1.40M
2024-11-14,"3,678.0",829.32K
2024-11-15,"3,712.0",745.99K
2024-11-18,"3,649.0",977.06K
2024-11-19,"3,560.0",1.43M
2024-11-20,"3,460.0",1.31M
2024-11-21,"3,509.0",1.73M
2024-11-22,"3,415.0",864.75K
2024-11-25,"3,299.5",1.16M
2024-11-26,"3,211.0",1.71M
2024-11-27,"3,385.0",2.66M
2024-11-28,"3,365.5",1.49M
2024-11-29,"3,320.0",981.63K
2024-12-02,"3,434.0",874.69K
2024-12-03,"3,380.0",984.84K
2024-12-04,"3,252.0",1.24M
2024-12-05,"3,378.5",1.40M
2024-12-06,"3,376.0",902.95K
2024-12-09,"3,466.0",1.05M
2024-12-10,"3,379.5",912.04K
2024-12-11,"3,397.0",787.42K
2024-12-12,"3,284.0",769.35K
2024-12-13,"3,321.0",510.91K
2024-12-16,"3,232.5",949.42K
2024-12-17,"3,248.5",822.07K
2024-12-18,"3,255.0",972.34K
2024-12-19,"3,339.0",1.49M
2024-12-20,"3,683.5",3.33M
2024-12-23,"3,800.0",2.52M
2024-12-24,"3,702.5",1.53M
2024-12-25,"3,790.0",1.74M
2024-12-26,"3,785.0",1.43M
2024-12-27,"3,848.0",831.85K
2024-12-28,"3,928.5",674.21K
2024-12-30,"3,994.0",615.78K
